game_name,cluster_id,cluster_label
Awesomenauts,1,Easy
Monument Builders - Titanic,1,Easy
Yu-Gi-Oh! Online,1,Easy
Zombies On A Plane,1,Easy
007 Legends,3,Competitive/E-Sports
Family Guy: Back to the Multiverse,3,Competitive/E-Sports
Forsaken World,1,Easy
F1 2012,3,Competitive/E-Sports
Dungeons & Dragons: Chronicles of Mystara,1,Easy
A Game Of Dwarves,1,Easy
Yurei No Geemu,1,Easy
F1 Online,3,Competitive/E-Sports
Mortal Kombat,3,Competitive/E-Sports
Fallout New Vegas Ultimate Edition,3,Competitive/E-Sports
You Are Not A Banana,1,Easy
Yummy Circus,1,Easy
Year 0 Tactics,1,Easy
Wyrmsun,1,Easy
Wonkey Wizard,1,Easy
Family Guy Online,1,Easy
Worldend Economica: Episode 1,1,Easy
Wings of Vi,1,Easy
Winter Maw,1,Easy
Wildlife Park 3,1,Easy
Winged Sakura: Mindy's Arc,1,Easy
Year Walk,1,Easy
Wickland,1,Easy
Warhammer 40000: Armageddon,1,Easy
X-Plane 10,3,Competitive/E-Sports
Wildstar,3,Competitive/E-Sports
Yaiba: Ninja Gaiden Z,3,Competitive/E-Sports
Windforge,3,Competitive/E-Sports
World of Diving,3,Competitive/E-Sports
Wayward Manor,3,Competitive/E-Sports
Yandere Simulator,0,AAA High Graphics
WazHack,1,Easy
Whispering Willows,3,Competitive/E-Sports
Warcide,1,Easy
X Rebirth: The Teladi Outpost,2,AAA Medium Graphics
World Of Warcraft: Warlords Of Draenor,3,Competitive/E-Sports
Wasteland 2,3,Competitive/E-Sports
Volo Airsport,1,Easy
Watch Dogs,2,AAA Medium Graphics
Viscera Cleanup Detail,1,Easy
Wolfenstein: The New Order,2,AAA Medium Graphics
Watch Dogs: Conspiracy,2,AAA Medium Graphics
Veridia Tactics,1,Easy
Warlock 2: The Exiled,3,Competitive/E-Sports
Velocibox,1,Easy
Watch Dogs: Bad Blood,0,AAA High Graphics
unwind,1,Easy
Unvanquished,1,Easy
Uriels Chasm,1,Easy
Unending Galaxy,1,Easy
Untold Universe,1,Easy
Unrest,1,Easy
Ultraworld,1,Easy
Victory: The Age of Racing,3,Competitive/E-Sports
Ukrainian Ninja,1,Easy
Truffle Saga,3,Competitive/E-Sports
TUG,1,Easy
Wargame: Red Dragon,3,Competitive/E-Sports
Wargame: Red Dragon - The Millionth Mile,3,Competitive/E-Sports
Wargame: Red Dragon - Second Korean War,3,Competitive/E-Sports
War Of The Vikings,2,AAA Medium Graphics
War The Game,1,Easy
Zineth,1,Easy
Valiant Hearts: The Great War,1,Easy
Turbo Dismount,1,Easy
Trick or Threat!!!,1,Easy
Triblaster,1,Easy
Trigger Saint,1,Easy
TRI:Of Friendship and Madness,1,Easy
Ultra Street Fighter IV,3,Competitive/E-Sports
ZafeHouse: Diaries,1,Easy
Zombie Driver HD,1,Easy
Unturned,1,Easy
Ys Origin,1,Easy
Youda Farmer,1,Easy
Tropico 5 - The Big Cheese,3,Competitive/E-Sports
Tropico 5 - Joint Venture,3,Competitive/E-Sports
Tropico 5 - Waterborne,3,Competitive/E-Sports
Tropico 5 - Mad World,3,Competitive/E-Sports
Tropico 5 - Generalissimo,3,Competitive/E-Sports
TransOcean: The Shipping Company,3,Competitive/E-Sports
Transformers: Rise Of The Dark Spark,3,Competitive/E-Sports
Triad Wars,3,Competitive/E-Sports
Toybox Turbos,1,Easy
Tour de France 2014,3,Competitive/E-Sports
XCOM: Enemy Unknown Slingshot,3,Competitive/E-Sports
World Zero Online,1,Easy
Tower Of Guns,3,Competitive/E-Sports
XCOM: Enemy Unknown,3,Competitive/E-Sports
Transistor,3,Competitive/E-Sports
Top Hat,1,Easy
Total Pursuit Pro,1,Easy
Yesterday,1,Easy
TOME: Immortal Arena,1,Easy
Trials Fusion,3,Competitive/E-Sports
Train Fever,3,Competitive/E-Sports
World of Warcraft: Mists of Pandaria,1,Easy
WWE Wrestlefest,1,Easy
Total War: Rome II - Hannibal at the Gates,3,Competitive/E-Sports
Total War: Rome II - Beasts of War,3,Competitive/E-Sports
TowerFall: Ascension,3,Competitive/E-Sports
Wooden SenSeY,3,Competitive/E-Sports
XMoto,1,Easy
Tom clancys Ghost Recon Phantoms,3,Competitive/E-Sports
Worms Revolution,3,Competitive/E-Sports
WRC 3: FIA World Rally Championship,3,Competitive/E-Sports
Tiny Trek,1,Easy
This War Of Mine,3,Competitive/E-Sports
Thief Town,1,Easy
Train Simulator 2015,3,Competitive/E-Sports
Wartime,1,Easy
Theme Park Studio,3,Competitive/E-Sports
Who Wants To Be A Millionaire,1,Easy
Three Dead Zed,3,Competitive/E-Sports
Titanfall - Expedition,3,Competitive/E-Sports
The World 2,1,Easy
Way of the Samurai 4,3,Competitive/E-Sports
Titanfall: Frontiers Edge,3,Competitive/E-Sports
Titanfall,3,Competitive/E-Sports
The Wolf Among Us - Episode 5: Cry Wolf,1,Easy
Wing Commander Saga: The Darkest Dawn,1,Easy
Where Angels Cry,1,Easy
The Wolf Among Us - Episode 4: In Sheeps Clothing,1,Easy
The Wolf Among Us - Episode 3: A Crooked Mile,1,Easy
Tomb Raider Definitive Edition,0,AAA High Graphics
The Wolf Among Us - Episode 2: Smoke & Mirrors,1,Easy
The Walking Dead: Season 2 - Episode 5: No Going Back,1,Easy
TheHunter: Primal,3,Competitive/E-Sports
Warp,1,Easy
The Walking Dead: Season 2 - Episode 4: Amid The Ruins,1,Easy
The Walking Dead: Season 2 - Episode 3: In Harms Way,1,Easy
The Walking Dead: Season 2 - Episode 2: A House Divided,1,Easy
The Vanishing of Ethan Carter,3,Competitive/E-Sports
The Terminal 2,3,Competitive/E-Sports
Warlock: Master of the Arcane: Powerful Lords,3,Competitive/E-Sports
Thief 2014,2,AAA Medium Graphics
The Tale of ALLTYNEX,1,Easy
Wargame: European Escalation,3,Competitive/E-Sports
The Survivals Fall,1,Easy
The Shopkeeper,1,Easy
The Repopulation,1,Easy
War of the Human Tanks,1,Easy
Warhammer 40000: Space Marine: Iron Hands Chapter,3,Competitive/E-Sports
Warhammer 40000: Space Marine: Death Guard Champion Chapter,3,Competitive/E-Sports
The Stomping Land,3,Competitive/E-Sports
War Of The Roses - Winter has Arrived,3,Competitive/E-Sports
Warface,3,Competitive/E-Sports
Warlock: Master of the Arcane,3,Competitive/E-Sports
Warhammer 40000: Space Marine: Dreadnought,3,Competitive/E-Sports
War Of The Roses,3,Competitive/E-Sports
The Sims 4: Holiday Celebration Pack,3,Competitive/E-Sports
The Sims 4,3,Competitive/E-Sports
The Talos Principle,3,Competitive/E-Sports
The Memory of Eldurim,1,Easy
The Old City: Leviathan,1,Easy
The Masterplan,3,Competitive/E-Sports
The Makers Eden,1,Easy
The Moon Silver,1,Easy
Vox,1,Easy
The Legend of Korra,3,Competitive/E-Sports
Wakfu,1,Easy
The Mighty Quest For Epic Loot,1,Easy
Vitrum,1,Easy
The Marvellous Miss Take,3,Competitive/E-Sports
Vector Thrust,3,Competitive/E-Sports
The Last Tinker: City Of Colors,3,Competitive/E-Sports
Vessel,1,Easy
Warriors Orochi 4,2,AAA Medium Graphics
The Lady,1,Easy
The Last Dogma,1,Easy
The King of Fighters 98' Ultimate Match Final Edition,1,Easy
Victorian Admirals Anthology,1,Easy
The Lego Movie Videogame,1,Easy
The Incredible Adventures Of Van Helsing II,3,Competitive/E-Sports
The Jackbox Party Pack,1,Easy
The Hive,1,Easy
Vampires!,1,Easy
UnderRail,1,Easy
The Last Door,1,Easy
Victoria II: A House Divided,1,Easy
The Legend of Heroes: Trails in the Sky,1,Easy
The Grandfather,1,Easy
The Hat Man: Shadow Ward,1,Easy
The Ganzfeild Effect Part 1,1,Easy
The Golf Club,3,Competitive/E-Sports
Unstoppable Gorg,1,Easy
Tryst,3,Competitive/E-Sports
The Few,1,Easy
Tropico 4: Quick-Dry Cement,3,Competitive/E-Sports
Uprising44,1,Easy
The Legend of Heroes: Trails of Cold Steel II,3,Competitive/E-Sports
Tropico 4: Vigilante,3,Competitive/E-Sports
The Expendabros,3,Competitive/E-Sports
Tropico 4: Propaganda!,3,Competitive/E-Sports
Tropico 4: Megalopolis,3,Competitive/E-Sports
Tropico 4: Modern Times,3,Competitive/E-Sports
The Fifth Day,1,Easy
The Detail Episode 1: Where The Dead Lie,1,Easy
Trine 2: Goblin Menace,1,Easy
Tribes: Ascend,3,Competitive/E-Sports
The Cursed Forest,1,Easy
The Evil Within,2,AAA Medium Graphics
Unmechanical,1,Easy
Train Simulator 2012: Woodhead Line Expansion Pack,1,Easy
The Binding of Isaac: Rebirth,1,Easy
Transformers: The Fall of Cybertron,3,Competitive/E-Sports
That Bastard Is Trying To Steal Our Gold,1,Easy
Triple Town,1,Easy
The Banner Saga,1,Easy
Train Simulator 2012: PRR K4 Add-On,1,Easy
TesserAct,1,Easy
The Elder Scrolls Online,2,AAA Medium Graphics
The Blue Flamingo,3,Competitive/E-Sports
Train Simulator 2012: Class 77 and 76 Add-On,1,Easy
Train Simulator 2012: Intercity-Express Add-On,1,Easy
Train Simulator 2012: Class 390 Add-On,1,Easy
Train Simulator 2013,3,Competitive/E-Sports
The Blackwell Epiphany,1,Easy
Train of Afterlife,1,Easy
The Amazing Spider-Man 2,3,Competitive/E-Sports
The Crew,2,AAA Medium Graphics
Tesla Breaks the World!,1,Easy
Tesla Effect: A Tex Murphy Adventure,3,Competitive/E-Sports
Tales From The Borderlands: Episode 1 - Zer0 Sum,1,Easy
System Crash,1,Easy
Talisman Digital Edition,1,Easy
Train Giant A-Train 9,3,Competitive/E-Sports
Tales of Aravorn: Seasons of The Wolf,1,Easy
Toren,1,Easy
Super Pixalo,1,Easy
Supreme Ruler Ultimate,1,Easy
Supreme Ruler 1936,1,Easy
Survivalist,1,Easy
Super Chibi Knight,1,Easy
The Distance,3,Competitive/E-Sports
Super Audio Spectrum,1,Easy
Tony Hawks Pro Skater HD,1,Easy
Swordsman,1,Easy
Torchlight 2,1,Easy
Tiny Troopers,1,Easy
Tom Clancy: Ghost Recon Future Soldier: Arctic Strike,3,Competitive/E-Sports
Tiny and Big: Grandpas Leftovers,1,Easy
Top Gun: Hard Lock,3,Competitive/E-Sports
Tom Clancy: Ghost Recon Future Soldier,3,Competitive/E-Sports
Tom Clancy: Ghost Recon Online,3,Competitive/E-Sports
TrackMania 2: Canyon,1,Easy
Strike Vector,3,Competitive/E-Sports
Strider 2014,3,Competitive/E-Sports
They Bleed Pixels,3,Competitive/E-Sports
THE WEST,3,Competitive/E-Sports
Sunless Sea: Zubmariner,1,Easy
Sunless Sea,1,Easy
Strata,1,Easy
Stranded,1,Easy
The Wreckless,1,Easy
The War Z,3,Competitive/E-Sports
Styx: Master of Shadows,3,Competitive/E-Sports
Staudsofts Synthetic World,1,Easy
State of Decay: Lifeline,3,Competitive/E-Sports
Steel and Steam,1,Easy
The Walking Dead: Episode 5 No Time Left,1,Easy
Stowaway,1,Easy
The Walking Dead: Episode 4 Around Every Corner,1,Easy
Starion Tactics,1,Easy
The Walking Dead: Episode 3 The Long Road Ahead,1,Easy
The Walking Dead: Episode 1,1,Easy
Stronghold Crusader 2,3,Competitive/E-Sports
The Walking Dead: Episode 2 Starved For Help,1,Easy
The Tales of MajEyal,1,Easy
The Testament of Sherlock Holmes,1,Easy
The Settlers Online,1,Easy
Sproggiwood,1,Easy
Starforge,3,Competitive/E-Sports
Star Troll,1,Easy
Spectre,1,Easy
Sunrider: First Arrival,3,Competitive/E-Sports
Splatter Red Blood Edition,1,Easy
SPINRUSH,1,Easy
Spark Rising,1,Easy
Star Wars: The Old Republic - Shadow of Revan,3,Competitive/E-Sports
Spintires,1,Easy
The Race for the White House,1,Easy
The Secret World,2,AAA Medium Graphics
Spate,3,Competitive/E-Sports
Space Run,3,Competitive/E-Sports
Space Hulk - Harbinger of Torment,1,Easy
Starlite: Astronaut Rescue,1,Easy
Source,1,Easy
The Good Life,1,Easy
Sorcerer King,1,Easy
Son of Nor,3,Competitive/E-Sports
South Park: Stick of Truth - Super Samurai Spaceman,3,Competitive/E-Sports
The Lord of the Rings Online: Riders of Rohan,1,Easy
South Park: The Stick of Truth - Ultimate Fellowship,3,Competitive/E-Sports
The Journey Down,1,Easy
The Secret Files 3,1,Easy
Snow Light,1,Easy
The Golden Years: Way Out West,1,Easy
South Park: The Stick of Truth,3,Competitive/E-Sports
The Dead Linger,1,Easy
The Expendables 2 Videogame,1,Easy
Zero Punctuation: Hatfall - Hatters Gonna Hat Edition,1,Easy
The Darkness 2,3,Competitive/E-Sports
Yelaxot,1,Easy
Sniper Elite 3 - Save Churchill Part 3: Confrontation,3,Competitive/E-Sports
The Cat Lady,1,Easy
The Banner Saga: Factions,1,Easy
Sniper Elite 3 - Save Churchill Part 2: Belly of the Beast,3,Competitive/E-Sports
Sniper Elite 3 - Target Hitler: Hunt the Grey Wolf,3,Competitive/E-Sports
Sniper Elite 3 - Save Churchill Part 1: In Shadows,3,Competitive/E-Sports
Zombie Army Trilogy,3,Competitive/E-Sports
You Must Build A Boat,1,Easy
Terrorhedron 3D Coop Tower Defense,1,Easy
Teslagrad,1,Easy
Sniper Elite 3,3,Competitive/E-Sports
The Amazing Spider-Man,3,Competitive/E-Sports
Sky Mercenaries,1,Easy
Space Hulk Ascension,3,Competitive/E-Sports
Sirius,1,Easy
Sleeping Dogs : Definitive Edition,3,Competitive/E-Sports
Zombi,3,Competitive/E-Sports
Sky Nations,1,Easy
Skara: The Blade Remains,1,Easy
X-Note,1,Easy
Test Drive: Ferrari Racing Legends,3,Competitive/E-Sports
Space Hulk Ascension: Imperial Fists,3,Competitive/E-Sports
The Critter Chronicles,1,Easy
The Dark Eye: Chains of Satinav,1,Easy
Talisman Prologue,1,Easy
Sim Hero,1,Easy
SilentForest,1,Easy
Sign Motion,1,Easy
Siege of Turtle Enclave,1,Easy
WRC 5: FIA World Rally Championship,0,AAA High Graphics
Worlds Of Magic,2,AAA Medium Graphics
Siege of Inaolia,1,Easy
Teleglitch,1,Easy
Shiny The Firefly,1,Easy
Team Fortress 2: Holiday Pack,1,Easy
Sir You Are Being Hunted,3,Competitive/E-Sports
World Of Speed,2,AAA Medium Graphics
WolfWars,1,Easy
WWE 2K15,2,AAA Medium Graphics
Without Within,1,Easy
Tera-Online,2,AAA Medium Graphics
Sins of a Dark Age,3,Competitive/E-Sports
World of Warships,3,Competitive/E-Sports
Shovel Knight: Specter Of Torment,3,Competitive/E-Sports
Shovel Knight,3,Competitive/E-Sports
Team Assault: Baptism of Fire,1,Easy
Wolfenstein: The Old Blood,2,AAA Medium Graphics
Shaun the Sheep 2 : Home Sheep Home,1,Easy
Sharpe Investigations: Death on the Seine,1,Easy
Shan Gui,1,Easy
Tales from Space: Mutant Blobs Attack!!!,1,Easy
Wick,3,Competitive/E-Sports
Water hunter,1,Easy
Syder Arcade,1,Easy
Wasteland 2 Directors Cut,3,Competitive/E-Sports
Sherlock Holmes - Crimes and Punishments,3,Competitive/E-Sports
Warlocks Vs Shadows,1,Easy
Warlocks Citadel,1,Easy
Superbrothers: Sword And Sworcery EP,1,Easy
Super Amazing Wagon Adventure,1,Easy
Wave of Darkness,3,Competitive/E-Sports
Shadowgate,3,Competitive/E-Sports
Wars of Napoleon,1,Easy
Warhammer: The End Times - Vermintide,0,AAA High Graphics
Shadowrun Dragonfall,1,Easy
Seek,1,Easy
Serena,1,Easy
Super Monday Night Combat,1,Easy
Warhammer: End Times - Vermintide Sigmar's Blessing,0,AAA High Graphics
Wargame: Red Dragon - Norse Dragon,1,Easy
Wadwipe: Play 4 Free,1,Easy
Wander,1,Easy
VRC PRO,3,Competitive/E-Sports
Shadows: Heretic Kingdoms,3,Competitive/E-Sports
Volume,1,Easy
Street Fighter x Megaman,1,Easy
Strategic War in Europe,1,Easy
Warhammer 40000: Regicide,3,Competitive/E-Sports
Storm The Game,1,Easy
Secrets of Raetikon,1,Easy
Secret Ponchos,3,Competitive/E-Sports
Scribble Dash,1,Easy
School of Dragons:How to train your dragon,1,Easy
Schein,1,Easy
Warhammer 40000: Deathwatch: Tyranid Invasion,3,Competitive/E-Sports
Street Fighter x Tekken,3,Competitive/E-Sports
Screencheat,1,Easy
Scare,1,Easy
Scania Truck Driving Simulator,3,Competitive/E-Sports
Saviors,1,Easy
Void Destroyer,1,Easy
Victor Vran,3,Competitive/E-Sports
Verlies II,1,Easy
Vast,1,Easy
Valhalla Hills,3,Competitive/E-Sports
Warhammer Quest,3,Competitive/E-Sports
Star Wars: The Old Republic - Ancient Hypergate,3,Competitive/E-Sports
Saturday Morning RPG,1,Easy
S.T.A.L.K.E.R : Lost,1,Easy
Urja,1,Easy
Starvoid,1,Easy
Urban Legends,1,Easy
Universe Sandbox 2,3,Competitive/E-Sports
Spec Ops: The Line,3,Competitive/E-Sports
Rymdkapsel,1,Easy
Verdun,1,Easy
Spellforce 2: Faith in Destiny,1,Easy
Running with Rifles,1,Easy
Rush for Glory,1,Easy
RWR:Z,1,Easy
Unlimited Escape,1,Easy
Splice,1,Easy
Runers,1,Easy
Run or Die,1,Easy
Spirit Tales,1,Easy
Unreal Tournament,3,Competitive/E-Sports
Undeads,1,Easy
Rover Rescue,1,Easy
Unhack: Destruction,1,Easy
Underworld Ascension,1,Easy
Rugby 15,2,AAA Medium Graphics
Twistys Asylum Escapades,1,Easy
Turbo Pug,1,Easy
Tulpa,1,Easy
Royal Quest,3,Competitive/E-Sports
Sacred 3,3,Competitive/E-Sports
UFO2 Extraterrestrials: Battle for Mercury,1,Easy
Sonic the Hedgehog 4: Episode II,1,Easy
Sonic the Hedgehog 4: Episode I,1,Easy
TY the Tasmanian Tiger 4,1,Easy
Roundabout,3,Competitive/E-Sports
Roommates,1,Easy
RoboWars,1,Easy
Roleplay 2,1,Easy
Road Not Taken,3,Competitive/E-Sports
Rising World,1,Easy
Robot Roller - Derby Disco Dodgeball,1,Easy
RollerCoaster Tycoon 4,3,Competitive/E-Sports
Risen 3: Titan Lords,3,Competitive/E-Sports
Tropico 5 - The Supercomputer,3,Competitive/E-Sports
Tropico 5 - T-Day,3,Competitive/E-Sports
Tropico 5 - Inquisition,3,Competitive/E-Sports
UmiharaKawase,3,Competitive/E-Sports
Tropico 5 - Surfs Up!,3,Competitive/E-Sports
Tropico 5 - Supervillain,3,Competitive/E-Sports
Tropico 5 - Gone Green,3,Competitive/E-Sports
Tropico 5 - Espionage,3,Competitive/E-Sports
Tropico 5,3,Competitive/E-Sports
TRISTOY,1,Easy
SOL Exodus,3,Competitive/E-Sports
Sonic Adventure 2,1,Easy
Sniper Elite V2,1,Easy
Sniper Elite V2: Kill Hitler,1,Easy
Undertale,1,Easy
Rime Berta,1,Easy
Return of Red Riding Hood,1,Easy
Rifts Cave,1,Easy
Retro Game Crunch,1,Easy
Resident Evil 4: Ultimate HD Edition,3,Competitive/E-Sports
Smite,3,Competitive/E-Sports
Transformers: Devastation,3,Competitive/E-Sports
Trove,1,Easy
Trash TV,1,Easy
Train Valley,3,Competitive/E-Sports
Trail to the West,1,Easy
Sleeping Dogs: Zodiac Tournament,3,Competitive/E-Sports
RIP,3,Competitive/E-Sports
Sleeping Dogs: Street Racer,3,Competitive/E-Sports
Sleeping Dogs: Nightmare in North Point,3,Competitive/E-Sports
Sleeping Dogs: Dragon Master,3,Competitive/E-Sports
Rise of Nations: Extended Edition,1,Easy
Rencounter,1,Easy
Sleeping Dogs,3,Competitive/E-Sports
Remind,1,Easy
Trine 3: The Artifacts of Power,3,Competitive/E-Sports
Regeria Hope Episode 1,1,Easy
Trainz: A New Era,2,AAA Medium Graphics
Toto Temple Deluxe,1,Easy
TOTM,1,Easy
Refunktion,1,Easy
TOXIKK,1,Easy
Total War: Attila - The Last Roman,3,Competitive/E-Sports
Total War: Attila - Viking Forefathers,3,Competitive/E-Sports
Total War: Attila - Empires of Sand,3,Competitive/E-Sports
Sims 3: Sunlit Tides,1,Easy
Skylanders: Giants,1,Easy
Rekoil,1,Easy
Reflex,1,Easy
Redsun,1,Easy
Total War: Attila - Blood and Burning,3,Competitive/E-Sports
Total War: Attila - Age of Charlemagne,3,Competitive/E-Sports
Renegade X - Beyond Black Dawn,1,Easy
Total War: Attila,3,Competitive/E-Sports
Total War Arena,1,Easy
Total War Battles: Kingdom,1,Easy
Sine Mora,3,Competitive/E-Sports
Sims 3: Supernatural,1,Easy
Tormentum: Dark Sorrow,1,Easy
Sims 3: Showtime,1,Easy
Sims 3: Master Suite Stuff,1,Easy
Sins of a Solar Empire: Rebellion,3,Competitive/E-Sports
Sims 3: Seasons,1,Easy
Tomb of Tyrants,1,Easy
Sims 3: Lucky Palms,1,Easy
Sims 3: Lunar Lakes,1,Easy
Slender,1,Easy
Sims 3: Katy Perry Sweet Treats,1,Easy
Sims 3: Diesel Stuff Pack,1,Easy
Real Horror Stories,1,Easy
Reaper: Tale Of A Pale Swordsman,3,Competitive/E-Sports
RambleRumble,1,Easy
Tom vs The Armies of Hell,1,Easy
TMC Particle Lab,1,Easy
To Be or Not To Be,1,Easy
TKL Online,1,Easy
SimCity Social,1,Easy
TIMEframe,3,Competitive/E-Sports
Randals Monday,1,Easy
Time Rifters,1,Easy
Rambo,3,Competitive/E-Sports
Radiant Defense,3,Competitive/E-Sports
Radial-G: Racing Revolved,1,Easy
Shoot Many Robots,1,Easy
Radium,3,Competitive/E-Sports
Til its Over,1,Easy
QuestRun,1,Easy
Race To Mars,1,Easy
Timber and Stone,3,Competitive/E-Sports
Silkroad-R Online,1,Easy
Thug III,1,Easy
Shogun 2: Total War - Fall of the Samurai: Tsu Faction Pack,3,Competitive/E-Sports
This War of Mine - War Child Charity,3,Competitive/E-Sports
Shogun 2: Total War - Fall of the Samurai: Sendai Faction Pack,3,Competitive/E-Sports
Thea:The Awakening,1,Easy
Ship Simulator Extremes: Oceana Cruise Ship,1,Easy
Titan Souls,2,AAA Medium Graphics
There Came An Echo,3,Competitive/E-Sports
Shogun 2: Total War - Fall of the Samurai: Saga Faction Pack,3,Competitive/E-Sports
Shogun 2: Total War - Fall of the Samurai: Obama Faction Pack,3,Competitive/E-Sports
Shogun 2: Total War - Fall of the Samurai,3,Competitive/E-Sports
Serious Sam 3: Jewel of the Nile,3,Competitive/E-Sports
Toukiden : Kiwami,2,AAA Medium Graphics
Shado,3,Competitive/E-Sports
Sherlock Holmes: The New Adventures,3,Competitive/E-Sports
Px0915 : Mutation,1,Easy
Pure Pool,3,Competitive/E-Sports
Shank 2,1,Easy
Psych,1,Easy
The Witcher III: Wild Hunt - Hearts of Stone,0,AAA High Graphics
The Witcher III,0,AAA High Graphics
The Talos Principle: Road to Gehenna,3,Competitive/E-Sports
The Trench,1,Easy
The Starving Tournament,1,Easy
The Spirit Age,1,Easy
The Witcher Adventure Game,3,Competitive/E-Sports
The Universe Project,1,Easy
Shadow Company: The Mercenary War,1,Easy
The Sims 4: Spooky Stuff,3,Competitive/E-Sports
Scribblenauts Unlimited,3,Competitive/E-Sports
Scarygirl,1,Easy
Psichodelya,1,Easy
Project Spark,3,Competitive/E-Sports
Project Nimbus,3,Competitive/E-Sports
Procyon,1,Easy
Pro Cycling Manager 2014,3,Competitive/E-Sports
SBK Generations,3,Competitive/E-Sports
Qbeh-1: The Atlas Cube,1,Easy
The Sims 4: Spa Day,3,Competitive/E-Sports
The Sims 4: Outdoor Retreat,3,Competitive/E-Sports
The Sims 4: Get to Work,3,Competitive/E-Sports
The Sims 4: Cool Kitchen Stuff,3,Competitive/E-Sports
The Sims 4: Perfect Patio Stuff,3,Competitive/E-Sports
The Seed,1,Easy
Probably Archery,3,Competitive/E-Sports
The Sims 4: Get Together,3,Competitive/E-Sports
The Sims 4: Luxury Party Stuff,3,Competitive/E-Sports
The Shattered Alliance,1,Easy
Primal Carnage: Extinction,3,Competitive/E-Sports
Pretentious,1,Easy
Prelogate,1,Easy
Project Temporality,1,Easy
POWER-UP,1,Easy
Post Master,3,Competitive/E-Sports
Possession Penn,1,Easy
Pro Evolution Soccer 2015,3,Competitive/E-Sports
Saints Row 3: Witches and Wieners,3,Competitive/E-Sports
Poltergeist: A Pixelated Horror,1,Easy
The Room: Archive,3,Competitive/E-Sports
The Robot Raid,1,Easy
Potatoman Seeks the Troof,1,Easy
The Reels: Welcome to Bangladesh,1,Easy
The Quivering,1,Easy
Saints Row 3: Moneyshot,3,Competitive/E-Sports
Saints Row 3: Steelport Gangs,3,Competitive/E-Sports
Saints Row 3: Genkibowl VII,3,Competitive/E-Sports
Saints Row 3: Gangstas In Space,3,Competitive/E-Sports
Point Perfect,1,Easy
Plague Inc The Cure,1,Easy
Plague Inc Evolved,1,Easy
Pixel Puzzles: Japan,1,Easy
Saints Row 3: Funtime!,3,Competitive/E-Sports
The Old Tree,1,Easy
Saints Row 3: Bloodsucker,3,Competitive/E-Sports
The Purring Quest,1,Easy
The Music Machine,3,Competitive/E-Sports
The Madness of Little Emma,1,Easy
The Next Penelope,1,Easy
Plants vs Zombies: Garden Warfare,2,AAA Medium Graphics
Roller Coaster Rampage,1,Easy
RODE,3,Competitive/E-Sports
Rocksmith: Metal Rock Pack,3,Competitive/E-Sports
Rocksmith - Venues - Time Saver Pack,3,Competitive/E-Sports
Rocksmith - Ultimate Time Saver Bundle,3,Competitive/E-Sports
Pirate Hell,1,Easy
Phantasy Star Online 2 New Genesis,3,Competitive/E-Sports
The Legend,3,Competitive/E-Sports
The Last Crown: Midnight Horror,1,Easy
The Mims Beginning,3,Competitive/E-Sports
The Jackbox Party Pack 2,1,Easy
The Incredible Adventures of Van Helsing: Final Cut,3,Competitive/E-Sports
The Incredible Adventures Of Van Helsing III,3,Competitive/E-Sports
The Hong Kong Massacre,3,Competitive/E-Sports
Rosh Online: The Return of Karos,1,Easy
Rocksmith - Tone Customization - Time Saver Pack,3,Competitive/E-Sports
Rocksmith - The Offspring 3-Song Pack,3,Competitive/E-Sports
Rocksmith - The Police 3-Song Pack,3,Competitive/E-Sports
Rocksmith - The Black Keys 3-Song Pack,3,Competitive/E-Sports
The Park,2,AAA Medium Graphics
Pineview Drive,3,Competitive/E-Sports
Rocksmith - Queen 5-Song Pack,3,Competitive/E-Sports
Rocksmith - Pantera 3-Song Pack,3,Competitive/E-Sports
Rocksmith - Nickelback - 3 Song Pack,3,Competitive/E-Sports
Rocksmith - My Chemical Romance 3-Song Pack,3,Competitive/E-Sports
Perpetuum,1,Easy
Payday 2: Hotline Miami,3,Competitive/E-Sports
Particulars,1,Easy
Paper Dungeons,1,Easy
The Guest,1,Easy
The Flame in the Flood,3,Competitive/E-Sports
The Extinction,3,Competitive/E-Sports
Path of Exile: Sacrifice of the Vaal,1,Easy
Rocksmith - Guitars and Basses - Time Saver Pack,3,Competitive/E-Sports
Rocksmith - Guitarcade - Time Saver Pack,3,Competitive/E-Sports
The Evil Within - The Executionor,2,AAA Medium Graphics
Rocksmith - Megadeth 3-Song Pack,3,Competitive/E-Sports
Party Animals,1,Easy
Rocksmith - Judas Priest 3-Song Pack,3,Competitive/E-Sports
Rocksmith - blink-182 - 3-Song Pack,3,Competitive/E-Sports
Rocksmith - Avenged Sevenfold 3-Song Pack,3,Competitive/E-Sports
The Isle,0,AAA High Graphics
The Fall of the Dungeon Guardians,3,Competitive/E-Sports
OVERTHRONED,1,Easy
Over The Void,1,Easy
Over 9000 Zombies,1,Easy
Orbital Gear,1,Easy
The Evil Within - The Consequence,2,AAA Medium Graphics
The Evil Within - The Assignment,2,AAA Medium Graphics
Rocksmith - 3 Doors Down - 3-Song Pack,3,Competitive/E-Sports
Our Darker Purpose,1,Easy
Outlast: Whistleblower,3,Competitive/E-Sports
River Simulator 2012,1,Easy
Only if,3,Competitive/E-Sports
Robotics;Notes Elite,3,Competitive/E-Sports
Risen 2: Treasure Isle,3,Competitive/E-Sports
The Escapists - Alcatraz,1,Easy
One Day for Ched,1,Easy
Onikira: Demon Killer,1,Easy
Onigiri,3,Competitive/E-Sports
OMG Zombies,1,Easy
The Escapists - Escape Team,1,Easy
The Escapists - Duct Tapes are Forever,1,Easy
The Escapists - Fhurst Peak Correctional Facility,1,Easy
Olli Olli,1,Easy
The Escapists,1,Easy
The Devils Men,1,Easy
The Detail Episode 2: From The Ashes,1,Easy
Risen 2,3,Competitive/E-Sports
Rift: Storm Legion,1,Easy
Rift Lite,1,Easy
Of Guards and Thieves,3,Competitive/E-Sports
The Escapists - Santa's Sweatshop,1,Easy
Oblivious Garden,1,Easy
Risen 2: A Pirates Clothes,3,Competitive/E-Sports
Nyctophobia,1,Easy
Nom Nom Galaxy,1,Easy
No Return,1,Easy
The Curious Expedition,1,Easy
The Crew - Speed Pack,2,AAA Medium Graphics
The Consuming Shadow,3,Competitive/E-Sports
Nix,1,Easy
The Crew: Wild Run,2,AAA Medium Graphics
The Charnel House Trilogy,1,Easy
The Binding of Isaac: Rebirth - Afterbirth,1,Easy
Ridge Racer Unbounded,3,Competitive/E-Sports
Octodad: Dadliest Catch,3,Competitive/E-Sports
Ninja Cats vs Samurai Dogs,1,Easy
The Breakout,3,Competitive/E-Sports
Nidhogg,1,Easy
The Big Blue,1,Easy
The Beginners Guide,3,Competitive/E-Sports
The Age of Decadence,1,Easy
Resident Evil: Operation Raccoon City,3,Competitive/E-Sports
TerraTech,3,Competitive/E-Sports
The Artifact of Gods,1,Easy
Terra Lander,1,Easy
Never Alone,3,Competitive/E-Sports
Ravaged: Zombie Apocalypse,3,Competitive/E-Sports
Ravage Online,1,Easy
Neocolonialism,1,Easy
NekoPara Vol. 1,1,Easy
NBA 2K15,2,AAA Medium Graphics
National Zombie Park,1,Easy
Ravaged,3,Competitive/E-Sports
Really Big Sky,1,Easy
Nether,3,Competitive/E-Sports
NASCAR 14,3,Competitive/E-Sports
Tengami,1,Easy
Tasty Blue,1,Easy
Tallowmere,1,Easy
Tales of Zestiria,3,Competitive/E-Sports
Rainy Day,1,Easy
RaiderZ,3,Competitive/E-Sports
Naruto Shippuden: Ultimate Ninja Storm Revolution,3,Competitive/E-Sports
Nandeyanen! - The 1st Stra,1,Easy
N.O.P.O: Borderlands,1,Easy
MXGP - The Official Motocross Videogame,3,Competitive/E-Sports
Tech Executive Tycoon,3,Competitive/E-Sports
Tales From The Borderlands: Episode 5 - The Vault Of The Traveler,1,Easy
Tales From The Borderlands: Episode 4 - Escape Plan Bravo,1,Easy
Tales From The Borderlands: Episode 3 - Catch A Ride,1,Easy
Tales From The Borderlands: Episode 2 - Atlas Mugged,1,Easy
Table Warriors,1,Easy
Sword of Asumi,1,Easy
Sword Daughter,1,Easy
Rage: The Scorchers,3,Competitive/E-Sports
R.A.W.: Realms of Ancient War,3,Competitive/E-Sports
QRTH-PHYL,1,Easy
Puzzle Cubicle,1,Easy
Quantum Conundrum,3,Competitive/E-Sports
Munin,1,Easy
Movie Business 2,1,Easy
Murdered: Soul Suspect,2,AAA Medium Graphics
Mountain,3,Competitive/E-Sports
Motte Island,1,Easy
Survarium,3,Competitive/E-Sports
Surgeon Simulator: Alien Invasion Super VR 64,3,Competitive/E-Sports
Supreme League of Patriots,1,Easy
Sunset,1,Easy
Summit,1,Easy
Sublevel Zero,3,Competitive/E-Sports
Prototype 2,3,Competitive/E-Sports
Port Royale 3: Harbour Master,1,Easy
Puddle,1,Easy
Pro Evolution Soccer 2013,1,Easy
Mount and Blade: Warband - Viking Conquest,1,Easy
Primordia,1,Easy
Primal Carnage,3,Competitive/E-Sports
NaissanceE,3,Competitive/E-Sports
Sunken,2,AAA Medium Graphics
Pro Cycling Manager 2012,1,Easy
Montas,1,Easy
Monochroma,1,Easy
Monkey Poo Flinger,1,Easy
Sword Coast Legends,2,AAA Medium Graphics
Super Snow Fight,2,AAA Medium Graphics
Strife,3,Competitive/E-Sports
Morphopolis,1,Easy
Moebius The Game,1,Easy
Stonehearth,3,Competitive/E-Sports
Stupid Llama,1,Easy
Stealth Inc 2,1,Easy
Planets Under Attack,1,Easy
Port Royale 3,1,Easy
Stranded Deep,3,Competitive/E-Sports
MotoGP 14,2,AAA Medium Graphics
Mirths Magical Quest,1,Easy
Pole Position 2012,1,Easy
Minimum,1,Easy
Mini Motorways,3,Competitive/E-Sports
Stay Dead Evolution,1,Easy
Stasis,1,Easy
Starlaxis: Rise of The Light Hunters Super Nova Edition,1,Easy
Mini Metro,1,Easy
Mining & Tunneling Simulator,3,Competitive/E-Sports
State of Decay: YOSE Day One Edition,3,Competitive/E-Sports
Stardust Vanguards,1,Easy
Pid,1,Easy
Perspective,1,Easy
Miscreated,2,AAA Medium Graphics
Metro: Last Light Redux,3,Competitive/E-Sports
Middle-earth: Shadow of Mordor,2,AAA Medium Graphics
Planetside 2,3,Competitive/E-Sports
Stardust Galaxy Warriors,3,Competitive/E-Sports
Metro Redux,3,Competitive/E-Sports
Metro 2033 Redux,3,Competitive/E-Sports
Might and Magic X Legacy,3,Competitive/E-Sports
Phantasy Star Online 2,3,Competitive/E-Sports
Middle-Earth: Shadow of Mordor - Power of Defiance,2,AAA Medium Graphics
Mind: Path to Thalamus,2,AAA Medium Graphics
Middle-Earth: Shadow of Mordor - Lord of the Hunt,2,AAA Medium Graphics
Party of Sin,3,Competitive/E-Sports
Paranormal,3,Competitive/E-Sports
Might & Magic X Legacy - The Falcon & The Unicorn,3,Competitive/E-Sports
Meltdown,3,Competitive/E-Sports
Metal Gear Solid: Ground Zeroes,2,AAA Medium Graphics
Star Wars: Battlefront,0,AAA High Graphics
Penny Arcade - Precipice of Darkness episode three,1,Easy
Star Wars: BattleCry,3,Competitive/E-Sports
Men of War: Assault Squad 2,1,Easy
Star Wars: The Old Republic: Knights of the Fallen Empire,3,Competitive/E-Sports
Stairs,3,Competitive/E-Sports
StarCraft II: Legacy of the Void,1,Easy
SpinPong,1,Easy
Spooky Cats,1,Easy
StarDrive 2,2,AAA Medium Graphics
Mechanic Escape,1,Easy
Panzer Corps: Afrika Korps,1,Easy
Squad,0,AAA High Graphics
Star Wars: Battlefront - Rogue One: Scarif,0,AAA High Graphics
Star Ruler 2,3,Competitive/E-Sports
Mecha Ace,1,Easy
Painkiller: Recurring Evil,1,Easy
Melodys escape,3,Competitive/E-Sports
Star Nomad 2,3,Competitive/E-Sports
Matador,1,Easy
Spinner: The Game,1,Easy
Spellsworn,3,Competitive/E-Sports
Spacies,1,Easy
Space Sleuth,1,Easy
Space Shock,1,Easy
Out There Somewhere,1,Easy
Out Of The Park Baseball 13,1,Easy
Orion: Dino Beatdown,3,Competitive/E-Sports
McDroid,2,AAA Medium Graphics
Malevolence: The Sword of Ahkranox,3,Competitive/E-Sports
Orion: Prelude,3,Competitive/E-Sports
Marvel Heroes 2015,2,AAA Medium Graphics
Making History: The Great War,1,Easy
Malebolgia,1,Easy
Space Noir,3,Competitive/E-Sports
Major Mayhem,1,Easy
MagNets,1,Easy
Space Beast Terror Fright,3,Competitive/E-Sports
Song of the Myrne: What Lies Beneath,1,Easy
SoundSelf,1,Easy
Sound of Drop - fall into poison,1,Easy
Oniken,1,Easy
Omegalodon,1,Easy
Magicka: Wizard Wars,1,Easy
Oil Rush,3,Competitive/E-Sports
Orcs Must Die 2,3,Competitive/E-Sports
Lunas Wandering Stars,1,Easy
Soccer Manager 2016,1,Easy
Solar Shifter EX,1,Easy
Soma,2,AAA Medium Graphics
Solarix,3,Competitive/E-Sports
Sky Battles,1,Easy
Skyhook,1,Easy
Skyforge,2,AAA Medium Graphics
Magic: The Gathering - Duels Of The Planeswalkers 2015,1,Easy
Nitronic Rush,1,Easy
Ninjah,1,Easy
Skyworld,2,AAA Medium Graphics
SkyScrappers,3,Competitive/E-Sports
Nights into Dreams....,1,Easy
Of Orcs And Men,3,Competitive/E-Sports
Lords of Xulima,1,Easy
Lonely World,1,Easy
Loadout,1,Easy
Skyhill,3,Competitive/E-Sports
Signal to Noise,1,Easy
Silent Enemy,1,Easy
Six Sense Horror Game,1,Easy
SimplePlanes,3,Competitive/E-Sports
Shutter,1,Easy
Shoppy Mart,1,Easy
Orcs Must Die 3,0,AAA High Graphics
Lords Of The Fallen,2,AAA Medium Graphics
Nexuiz,3,Competitive/E-Sports
Little Racers STREET,3,Competitive/E-Sports
Nightmares from the Deep: The Cursed Heart,1,Easy
LISA,1,Easy
Need For Speed: Most Wanted 2 Ultimate Speed,3,Competitive/E-Sports
Neo Scavenger,1,Easy
Need For Speed: Most Wanted 2 Time Saver,3,Competitive/E-Sports
Sid Meiers Starships,1,Easy
Lifeless Planet,3,Competitive/E-Sports
Shmup Love Boom,1,Easy
Shelter 2,1,Easy
Shadow of The Five,1,Easy
ShellShock Live,1,Easy
Shadowrun: Hong Kong,1,Easy
Shadow of the Eternals,1,Easy
Shadow Ninja: Apocalypse,1,Easy
Need For Speed: Most Wanted 2,3,Competitive/E-Sports
Naval War Arctic Circle,3,Competitive/E-Sports
Shadows Peak,3,Competitive/E-Sports
Life After Us: The System,1,Easy
Life After Us: Fading Light,1,Easy
Lets Sing,3,Competitive/E-Sports
Lego: The Hobbit,3,Competitive/E-Sports
Letter Quest: Grimms Journey,1,Easy
Shadow Complex Remastered,3,Competitive/E-Sports
NBA 2K13,1,Easy
Servo,3,Competitive/E-Sports
Sector Six,1,Easy
Seas of Scred,1,Easy
Search for the Golden Gorilla,1,Easy
ScreamRide,3,Competitive/E-Sports
Lego Batman 3: Beyond Gotham,3,Competitive/E-Sports
Scourge of War: Waterloo,3,Competitive/E-Sports
Schar: Blue Shield,1,Easy
Savage Lands,3,Competitive/E-Sports
Napoleon: Total War - Imperial Eagle Pack,1,Easy
Nancy Drew The Deadly Device,1,Easy
Murder Miners,1,Easy
Natural Selection 2,1,Easy
Life Goes On,3,Competitive/E-Sports
Legions of Ashworld,1,Easy
Legends of Persia,3,Competitive/E-Sports
Legacy of The Black Tower,1,Easy
Last Inua,1,Easy
Legend of Grimrock 2,3,Competitive/E-Sports
Lara Croft and the Temple of Osiris,3,Competitive/E-Sports
Ku: Shroud Of The Morrigan,3,Competitive/E-Sports
Kromaia,1,Easy
Zula - Europe,1,Easy
Legionwood 2: Rise of the Eternals Realm,1,Easy
Zombie City Defense 2,3,Competitive/E-Sports
Satellite Reign,1,Easy
SanctuaryRPG,1,Easy
Samudai,1,Easy
Saints Row: Gat Out Of Hell,3,Competitive/E-Sports
Mount and Blade: Warband Napoleonic Wars,1,Easy
MotorHEAT,1,Easy
Zone4,1,Easy
Saint Seiya: Soldiers Soul,3,Competitive/E-Sports
Mountain Crime: Requital,1,Easy
Krautscape,3,Competitive/E-Sports
Kill The Bad Guy,1,Easy
Samurai Warriors 4-II,3,Competitive/E-Sports
Moon Breakers,1,Easy
Kick-Ass 2 The Game,3,Competitive/E-Sports
Karos,1,Easy
KAMI,1,Easy
ZHEROS,1,Easy
Youtubers Life,1,Easy
Kings Bounty: Dark Side,1,Easy
S.O.R.S,1,Easy
RWBY: Grimm Eclipse - JNPR,2,AAA Medium Graphics
KickBeat Steam Edition,1,Easy
Zombie Training Simulator,0,AAA High Graphics
RWBY: Grimm Eclipse,2,AAA Medium Graphics
Run Bot Run,1,Easy
Ronin,3,Competitive/E-Sports
Zero Escape: Zero Time Dilemma,3,Competitive/E-Sports
Rogue System,3,Competitive/E-Sports
Rodina,3,Competitive/E-Sports
Modern Warfare 3: Collection 4,1,Easy
Yore VR,0,AAA High Graphics
Modern Warfare 3: Collection 3,1,Easy
Modern Warfare 3: Collection 2,1,Easy
Minion Master,1,Easy
Yu-Gi-Oh! Legacy of the Duelist,1,Easy
Modern Warfare 3: Collection 1,1,Easy
Zero G Arena,2,AAA Medium Graphics
Yesterday Origins,3,Competitive/E-Sports
XCOM 2 - Shens Last Gift,2,AAA Medium Graphics
Ruzar - The Life Stone,3,Competitive/E-Sports
Journal,3,Competitive/E-Sports
Joan Mad Run,1,Easy
Joe Devers Lone Wolf HD Remastered,1,Easy
XCOM 2 - Anarchys Children,2,AAA Medium Graphics
XCOM 2,2,AAA Medium Graphics
Rugby League Live 3,3,Competitive/E-Sports
WWE 2K17,0,AAA High Graphics
WRC 6: FIA World Rally Championship,0,AAA High Graphics
XCOM 2 - Alien Hunters,2,AAA Medium Graphics
WWE 2K16,2,AAA Medium Graphics
Rock Simulator 2014,1,Easy
Robty:Shadow World,1,Easy
Robinson Crusoe and The Cursed Pirates,1,Easy
Might and Magic Heroes VI: Pirates of the Savage Sea,1,Easy
Yomawari: Night Alone,3,Competitive/E-Sports
Might and Magic Heroes VI: Danse Macabre,1,Easy
Microsoft Flight,3,Competitive/E-Sports
Roche Fusion,1,Easy
Rocket League: Supersonic Fury,3,Competitive/E-Sports
Rocket League,3,Competitive/E-Sports
ROCKETSROCKETSROCKETS,1,Easy
Miasmata,3,Competitive/E-Sports
Jazzpunk,1,Easy
Jagged Alliance: Flashback,3,Competitive/E-Sports
Worms W.M.D.,2,AAA Medium Graphics
Ironclad Tactics: The Rise Of Dmitry,1,Easy
Zoo Park,1,Easy
It Moves,1,Easy
Jet Car Stunts,3,Competitive/E-Sports
Zack Zero,3,Competitive/E-Sports
World Of Tanks: Blitz,1,Easy
Zeno Clash 2,3,Competitive/E-Sports
World of Fishing,1,Easy
World Of Final Fantasy,3,Competitive/E-Sports
Rivals Of Aether,1,Easy
Rise of Incarnates,3,Competitive/E-Sports
Road To The Candy,1,Easy
Rigid Boy 2,1,Easy
Revival,3,Competitive/E-Sports
Retro,1,Easy
Men of War: Condemned Heroes,1,Easy
Max Payne 3: Painful Memories DLC,2,AAA Medium Graphics
Max Payne 3: Hostage Negotiation Pack,2,AAA Medium Graphics
Max Payne 3: Local Justice,2,AAA Medium Graphics
World of Warcraft: Legion,3,Competitive/E-Sports
Invisible Inc,3,Competitive/E-Sports
Wolcen: Lords of Mayhem,0,AAA High Graphics
Interplanetary,1,Easy
Ionball 2: Ionstorm,1,Easy
Interwebz TROLL Simulator,1,Easy
Ride,0,AAA High Graphics
Mechwarrior Online,2,AAA Medium Graphics
Winning Putt,3,Competitive/E-Sports
Inside The Gear,1,Easy
Insanitys Blade,1,Easy
Xenonauts,1,Easy
Medal of Honor: Warfighter - The Hunt Map Pack,3,Competitive/E-Sports
Instant Dungeon!,1,Easy
XCOM: Enemy Within,3,Competitive/E-Sports
Medal of Honor: Warfighter,3,Competitive/E-Sports
Worms Clan Wars,1,Easy
X Rebirth,2,AAA Medium Graphics
Windlands,0,AAA High Graphics
WRC Powerslide,3,Competitive/E-Sports
WRC 4,3,Competitive/E-Sports
Wrack,1,Easy
Werewolves Within,0,AAA High Graphics
We Are The Dwarves,2,AAA Medium Graphics
Wayward Terran Frontier: Zero Falls,2,AAA Medium Graphics
Retention,1,Easy
Retaliation: Enemy Mine,1,Easy
Resident Evil: Revelations 2 - Episode 4: Metamorphosis,3,Competitive/E-Sports
Resident Evil: Revelations 2 - Episode 3: Judgment,3,Competitive/E-Sports
Resident Evil: Revelations 2 - Episode 2: Contemplation,3,Competitive/E-Sports
Resident Evil: Revelations 2,3,Competitive/E-Sports
Resident Evil HD,3,Competitive/E-Sports
Whos Your Daddy,3,Competitive/E-Sports
Rescuer of Souls,1,Easy
Max Payne 3,2,AAA Medium Graphics
Mass Effect Trilogy,3,Competitive/E-Sports
Mass Effect 3: Rebellion,3,Competitive/E-Sports
Mass Effect 3: Omega,3,Competitive/E-Sports
Mass Effect 3: Leviathan,3,Competitive/E-Sports
Influent,1,Easy
Infinity Wars,3,Competitive/E-Sports
Infinity Runner,1,Easy
Infested Planet,1,Easy
Inexistence,1,Easy
Industry Empire,3,Competitive/E-Sports
World Basketball Manager Tycoon,1,Easy
Woodcutter Simulator 2013,1,Easy
Wasted,3,Competitive/E-Sports
Warhammer: The End Times - Vermintide Drachenfels,0,AAA High Graphics
Warhammer: End Times - Vermintide Schluesselschloss,0,AAA High Graphics
Warhammer: End Times - Vermintide Last Stand,0,AAA High Graphics
Warhammer: End Times - Vermintide Karak Azgaraz,0,AAA High Graphics
Republique,3,Competitive/E-Sports
Renowned Explorers: International Society,3,Competitive/E-Sports
Renna,1,Easy
RED Fuse: Rolling Explosive Device,1,Easy
Mass Effect 3: Firefight Pack,3,Competitive/E-Sports
Mass Effect 3: Earth,3,Competitive/E-Sports
Remnant Z,1,Easy
Mass Effect 3,3,Competitive/E-Sports
Watching Grass Grow In VR - The Game,0,AAA High Graphics
World of Warplanes,1,Easy
IFSCL,1,Easy
Ickle Monsters,1,Easy
I Will Escape,1,Easy
Watch Dogs 2,0,AAA High Graphics
Warshift,0,AAA High Graphics
Mass Effect 3: From Ashes,3,Competitive/E-Sports
Hyper Fighters,1,Easy
Hunters of The Dead,1,Easy
Wizardry Online,3,Competitive/E-Sports
Wiwis Adventures 3,1,Easy
White,1,Easy
Wetware,1,Easy
Wargame: Red Dragon - Nation Pack: Netherlands,3,Competitive/E-Sports
I Am Bread,1,Easy
Wargame: Red Dragon - Russian Roulette,3,Competitive/E-Sports
Wargame: Red Dragon - Nation Pack: Israel,3,Competitive/E-Sports
Wargame: Red Dragon - Double Nation Pack: REDS,3,Competitive/E-Sports
Reclaimed: Capture the log,1,Easy
Rebirth,3,Competitive/E-Sports
Rays The Dead,3,Competitive/E-Sports
Ravens Cry,2,AAA Medium Graphics
Ratz Instagib,1,Easy
Mark of the Ninja,1,Easy
Magicka: Peculiar Gadgets Item Pack,1,Easy
Warden: Melody of the Undergrowth,3,Competitive/E-Sports
Waltz of the Wizard,0,AAA High Graphics
Virginia,2,AAA Medium Graphics
Magicka: The Other Side of the Coin,1,Easy
Magicka: Mega Villain Robes,1,Easy
Hotel 13,1,Easy
Humanity Asset,1,Easy
Warfleet,3,Competitive/E-Sports
Rebel Galaxy,2,AAA Medium Graphics
Home Sheep Home 2,1,Easy
Hollows Land,1,Easy
Major League Baseball 2K12,1,Easy
Hippocamal: The White Sofa,1,Easy
Wasteland Kings,1,Easy
WARMACHINE: Tactics,1,Easy
Wargame: AirLand Battle,3,Competitive/E-Sports
Warframe,3,Competitive/E-Sports
Warhammer 40000: Eternal Crusade,2,AAA Medium Graphics
Victory and Glory: Napoleon,1,Easy
Valiant,0,AAA High Graphics
Valentino Rossi The Game,0,AAA High Graphics
VA-11 HALL-A,1,Easy
Rage Some More!,1,Easy
Quatris Origins,1,Easy
Quadrant,1,Easy
Magicka: Heirlooms Item Pack,1,Easy
Magicka: Dungeons and Daemons,1,Easy
Vanishing Realms,0,AAA High Graphics
Racecraft,2,AAA Medium Graphics
Quoridor 3D,1,Easy
Magical Drop V,1,Easy
Unravel,3,Competitive/E-Sports
Magicka: Lonely Island Cruise DLC,1,Easy
Pyramid Raid,1,Easy
Rainbow Six: Siege,2,AAA Medium Graphics
Versus: Sandbox Diarama,3,Competitive/E-Sports
Magicka: Aspiring Musician Robes,1,Easy
Magic: The Gathering - Duels Of The Planeswalkers 2013,1,Easy
Race The Sun - Sunrise,1,Easy
Hectic Trouble: Complete,1,Easy
Hearthstone: Goblins vs Gnomes,3,Competitive/E-Sports
Hero of Many,1,Easy
Heavy Bullets,3,Competitive/E-Sports
Hearthstone: Heroes Of Warcraft,3,Competitive/E-Sports
Hearthstone: Curse of Naxxramas,3,Competitive/E-Sports
War for the Overworld,3,Competitive/E-Sports
Walker,1,Easy
War of the Roses: Kingmaker,3,Competitive/E-Sports
War Thunder,3,Competitive/E-Sports
Violett,1,Easy
Victoria II: Heart of Darkness,1,Easy
Volgarr The Viking,1,Easy
Unbox,2,AAA Medium Graphics
Umbrella Corps,3,Competitive/E-Sports
Ultimate Chicken Horse,1,Easy
Valley,2,AAA Medium Graphics
TY the Tasmanian Tiger,3,Competitive/E-Sports
TurnOn,1,Easy
Pulse,3,Competitive/E-Sports
Viscera Cleanup Detail: Shadow Warrior,3,Competitive/E-Sports
Project Tarvotan,1,Easy
Turmoil,1,Easy
Psycho Starship Rampage,1,Easy
Unfortunate Spacemen,2,AAA Medium Graphics
Project Night,1,Easy
Mad Riders,1,Easy
Project Phoenix,3,Competitive/E-Sports
Hatoful Boyfriend,1,Easy
Haunted House 2015,3,Competitive/E-Sports
Tyranny,2,AAA Medium Graphics
Hangeki,1,Easy
Hack N Slash,3,Competitive/E-Sports
Tyranny: Bastards Wound,2,AAA Medium Graphics
Habitat,1,Easy
Halo: The Master Chief Collection,0,AAA High Graphics
Halo: Spartan Strike,1,Easy
Halfway,1,Easy
H-Hour: Worlds Elite,3,Competitive/E-Sports
Vacation Adventures: Park Ranger,1,Easy
Vector,1,Easy
True Fear: Forsaken Souls Part 1,1,Easy
Trimmer Tycoon,1,Easy
Trials of the Blood Dragon,3,Competitive/E-Sports
Tree of savior,3,Competitive/E-Sports
TransOcean 2: Rivals,2,AAA Medium Graphics
Trackmania Turbo,3,Competitive/E-Sports
Project Legion,3,Competitive/E-Sports
Project HON,3,Competitive/E-Sports
Project CARS,2,AAA Medium Graphics
Pro Cycling Manager 2015,3,Competitive/E-Sports
Princess Evangile,1,Easy
Unity of Command: Black Turn,1,Easy
Trillion: God of Destruction,2,AAA Medium Graphics
Pro Evolution Soccer 2016,3,Competitive/E-Sports
Prison Architect,3,Competitive/E-Sports
Predestination,1,Easy
Pong X,1,Easy
Transport Fever,2,AAA Medium Graphics
Tower Unite,2,AAA Medium Graphics
London 2012: The Official Olympics Video Game,3,Competitive/E-Sports
Little Inferno,1,Easy
Portal Stories: Mel,1,Easy
Lucius,3,Competitive/E-Sports
Total War: Warhammer Fantasy,2,AAA Medium Graphics
GunWorld,1,Easy
Guise Of The Wolf,3,Competitive/E-Sports
Gunspell,1,Easy
Grimm Ep 9 - The Master Thief,1,Easy
Ground Pounders: Tarka,1,Easy
Grimm Ep 8 - Beauty and the Beast,1,Easy
Grimm Ep 7 - The Devil and His Three Golden Hairs,1,Easy
Unholy Heights,1,Easy
Underhell,1,Easy
Under The Ocean,1,Easy
Lone Survivor,1,Easy
Unearthed: Trail of Ibn Battuta,1,Easy
Total War: Warhammer - The King And The Warlord,2,AAA Medium Graphics
Total War: Warhammer - The Grim and the Grave,2,AAA Medium Graphics
Total War: Warhammer - Realm of the Wood Elves,2,AAA Medium Graphics
Total War: Warhammer - Grombrindal The White Dwarf,2,AAA Medium Graphics
Total War: Attila - Slavic Nations,3,Competitive/E-Sports
Titan Quest Anniversary Edition,1,Easy
Poly Bridge,1,Easy
Plunge Into Darkness,1,Easy
Pneuma: Breath of Life,1,Easy
PlanNet,1,Easy
Planetship,1,Easy
Typing of the Dead: Overkill,1,Easy
Type:Rider,1,Easy
Planetary Annihilation: TITANS,2,AAA Medium Graphics
Two Brothers,1,Easy
Pizza Nostra,1,Easy
Total War: Warhammer - Call of the Beastmen,0,AAA High Graphics
Titanfall 2,0,AAA High Graphics
Legend of Grimrock,3,Competitive/E-Sports
Grimm Ep 6 - Godfather Death,1,Easy
Legends of Pegasus,3,Competitive/E-Sports
Lego: Lord Of The Rings,1,Easy
Law and Order: Legacies,1,Easy
Truck Racer,3,Competitive/E-Sports
Grimm Ep 23 - Snow White,1,Easy
Grimm Ep 22 - The Adventures of Thumbling,1,Easy
Grimm Ep 5 - The Girl Without Hands,1,Easy
Tropico 4: The Academy,3,Competitive/E-Sports
Grimm Ep 3 - The Fisherman and His Wife,1,Easy
Tropico 4: Apocalypse,3,Competitive/E-Sports
Grimm Ep 4 - Puss in Boots,1,Easy
Tropico 4: Voodoo,3,Competitive/E-Sports
Time of Dragons,3,Competitive/E-Sports
Tigers on the Hunt,1,Easy
Tiger Knight: Empire War,3,Competitive/E-Sports
Planetbase,3,Competitive/E-Sports
Train Simulator 2014,3,Competitive/E-Sports
This War of Mine - The Little Ones,3,Competitive/E-Sports
PIXELMAN,1,Easy
Pixel Star,1,Easy
Pixel Puzzles 2: Anime,3,Competitive/E-Sports
Pixel Heroes: Byte and Magic,1,Easy
Piloteer,1,Easy
TrackMania 2 Valley,1,Easy
World of Warcraft: Cataclysm,1,Easy
Kung Fu Strike: The Warriors Rise,1,Easy
Pixel Galaxy,3,Competitive/E-Sports
Pillars of Eternity: The White March Part 1,2,AAA Medium Graphics
Pillars of Eternity,2,AAA Medium Graphics
Krater: Mayhem MK13,1,Easy
Grimm Ep 21 - Sleeping Beauty,1,Easy
Krater,1,Easy
Kings Bounty: Warriors of the North,1,Easy
Kingdoms of Amalur: The Legend of Dead Kel,3,Competitive/E-Sports
Kingdoms of Amalur: Reckoning,3,Competitive/E-Sports
Grimm Ep 20 - Pinnochio,1,Easy
Grimm Ep 2 - Little Red Riding Hood,1,Easy
Grimm Ep 19 - Mulan,1,Easy
Grimm Ep 18 - Jack and the Beanstalk,1,Easy
Grimm Ep 17 - The Frog King,1,Easy
Grimm Ep 16 - A Christmas Card,1,Easy
Grimm Ep 15 - The Pied Piper,1,Easy
TrackMania 2 Stadium,1,Easy
Touhou 13.5: Hopeless Masquerade,3,Competitive/E-Sports
King Arthur 2,3,Competitive/E-Sports
Total War: Rome II - Caesar in Gaul,3,Competitive/E-Sports
Total War: Rome II,3,Competitive/E-Sports
Total War: Rome 2 Nomadic Tribes Culture Pack,3,Competitive/E-Sports
Tom Clancys Splinter Cell: Blacklist,3,Competitive/E-Sports
Tomb Raider,3,Competitive/E-Sports
This is the Police,3,Competitive/E-Sports
The X-Files,1,Easy
The Witness,2,AAA Medium Graphics
The Witcher III: Wild Hunt - Blood and Wine,0,AAA High Graphics
The Witcher III - Game of the Year Edition,0,AAA High Graphics
Total War: Rome II Blood & Gore,3,Competitive/E-Sports
The Walking Dead: Michonne - Episode 3: What We Deserve,1,Easy
The Walking Dead: Michonne - Episode 2: Give No Shelter,1,Easy
The Walking Dead: Michonne,1,Easy
Pavel Quest,1,Easy
Particula,1,Easy
Pay2Win: The Tricks Exposed,3,Competitive/E-Sports
TheBluVR,0,AAA High Graphics
Piercing Blow,1,Easy
Wings Of The Luftwaffe,1,Easy
Party Hard,1,Easy
Voodoo Dice,1,Easy
Karateka,1,Easy
Penarium,3,Competitive/E-Sports
Journey: The Heart of Gaia,1,Easy
Grimm Ep 11 - King Midas,1,Easy
Journey (2012),3,Competitive/E-Sports
Grimm Ep 13 - The Golden Goose,1,Easy
Grimm Ep 14 - Iron John,1,Easy
Grimm Ep 12 - Cinderella,1,Easy
Grimm Ep 10 - The Singing Bone,1,Easy
Grimm Ep 1 - A Boy Learns What Fear Is,1,Easy
Grimm,1,Easy
Gridiron Solitaire,1,Easy
grepr,1,Easy
The Way,3,Competitive/E-Sports
Tiny Brains,3,Competitive/E-Sports
GRID: Autosport,3,Competitive/E-Sports
Tokyo Hosto,1,Easy
Tom Clancy: Ghost Recon Future Soldier: Raven Strike,3,Competitive/E-Sports
Toki Tori 2,1,Easy
Time is War,1,Easy
The Walking Dead: A New Frontier - Episode 2,1,Easy
Thunder Wolves,1,Easy
Thomas Was Alone,1,Easy
TheEndofLife,1,Easy
The Walking Dead: A New Frontier - Episode 1,1,Easy
The Town Of Light,3,Competitive/E-Sports
The Solus Project,2,AAA Medium Graphics
The Turing Test,0,AAA High Graphics
The Sims 4: City Living,3,Competitive/E-Sports
Pahelika: Secret Legends,1,Easy
PANORAMICAL,1,Easy
Parallax,1,Easy
Owlboy,1,Easy
Paperbound,1,Easy
Paint the Town Red,3,Competitive/E-Sports
OverRuled!,1,Easy
The Technomancer,2,AAA Medium Graphics
The Uncertain,2,AAA Medium Graphics
The Skies,2,AAA Medium Graphics
Overlord: Fellowship of Evil,3,Competitive/E-Sports
Outsiders,1,Easy
Venetica,1,Easy
Under The Garden,1,Easy
UK Truck Simulator,1,Easy
Jagged Alliance: Crossfire,3,Competitive/E-Sports
Jagged Alliance: Back in Action DLC: Point Blank,3,Competitive/E-Sports
Grave Prosperity: Redux,1,Easy
Jagged Alliance: Back in Action DLC: Night Specialist Kit,3,Competitive/E-Sports
Gods Will Be Watching,3,Competitive/E-Sports
God Factory: Wingmen,1,Easy
Goat Simulator: MMO Simulator,3,Competitive/E-Sports
Goat Simulator,3,Competitive/E-Sports
Gigantic Army,1,Easy
Jet Set Radio HD,1,Easy
Ghostship Aftermath,1,Easy
Get Off my Lawn!,1,Easy
The Walking Dead: Survival Instinct,3,Competitive/E-Sports
The Walking Dead: 400 Days,1,Easy
The Walking Dead 2: Episode 1,1,Easy
The Wolf Among Us,1,Easy
Gearcrack Arena,1,Easy
Vanquish,2,AAA Medium Graphics
The Wonderful 101,2,AAA Medium Graphics
The Train,1,Easy
The Silver Case,1,Easy
The Preposterous Awesomeness of Everything,1,Easy
The Tiny Tale,1,Easy
The Legend of Heroes: Trails of Cold Steel,3,Competitive/E-Sports
The Lost Mythologies,3,Competitive/E-Sports
The Next Door,3,Competitive/E-Sports
Ori and the Blind Forest,3,Competitive/E-Sports
OreLight,1,Easy
Outland 17: Void of Liberty,1,Easy
One More Dungeon,1,Easy
Oceanhorn: Monster of Uncharted Seas,1,Easy
Offworld Trading Company,2,AAA Medium Graphics
Jagged Alliance: Back in Action,3,Competitive/E-Sports
Jagged Alliance Online,1,Easy
The Ship: Remasted,3,Competitive/E-Sports
The Little Acre,3,Competitive/E-Sports
One Piece: Pirate Warriors 3,3,Competitive/E-Sports
Jagged Alliance: Back in Action DLC: Jungle Specialist Kit,3,Competitive/E-Sports
Jagged Alliance: Back in Action DLC: Desert Specialist Kit,3,Competitive/E-Sports
J.U.L.I.A.,1,Easy
J.A.S.F. Janes Advanced Strike Fighters,1,Easy
Iron Sky: Invasion,3,Competitive/E-Sports
Iron Front: Liberation 1944 D-Day,3,Competitive/E-Sports
Oddworld: Abes Oddysee New n Tasty,3,Competitive/E-Sports
GearCity,1,Easy
Gear Up,1,Easy
Gavins Quest,1,Easy
Gauntlet,3,Competitive/E-Sports
Gang Beasts,1,Easy
GamersGoMakers,1,Easy
The Swapper,3,Competitive/E-Sports
Game Test Life,1,Easy
Game of Thrones: Iron From Ice,3,Competitive/E-Sports
The Thirty Nine Steps,1,Easy
The Stanley Parable,1,Easy
The Snow,1,Easy
The Sims 3: Roaring Heights,1,Easy
The King of Fighters XIV,3,Competitive/E-Sports
The Sims 3 Starter Pack,1,Easy
The Showdown Effect,1,Easy
The Huntsman: Winters Curse,2,AAA Medium Graphics
The Jackbox Party Pack 3,1,Easy
The Final Station,1,Easy
The Elder Scrolls V: Skyrim - Special Edition,0,AAA High Graphics
The Dwarves,0,AAA High Graphics
Obey,1,Easy
OBERON,1,Easy
Not Alone,1,Easy
Not A Hero,1,Easy
Nostalgica: An Old World Passes,1,Easy
Northern Shadow,3,Competitive/E-Sports
NOBUNAGA'S AMBITION: Sphere of Influence,1,Easy
Nosgoth,3,Competitive/E-Sports
Noct,1,Easy
Transformers: War For Cybertron,3,Competitive/E-Sports
The Golf Club VR,0,AAA High Graphics
The Lab,0,AAA High Graphics
The Elder Scrolls Online Gold Edition,3,Competitive/E-Sports
Toy Soldiers,1,Easy
Iron Front: Liberation 1944,3,Competitive/E-Sports
Iron Brigade,1,Easy
Insanely Twisted Shadow Planet,1,Easy
Incredipede,1,Easy
Inversion,3,Competitive/E-Sports
Infestation: Survivor Stories,3,Competitive/E-Sports
The Gallery - Episode 1: Call of the Starseed,0,AAA High Graphics
Gabriel Knight: Sins Of The Fathers 20th Anniversary Edition,1,Easy
Fully Bugged Little Cells,1,Easy
FX Eleven,1,Easy
Full Bore,1,Easy
Freedom Planet,1,Easy
The Raven: Legacy Of A Master Thief,1,Easy
The Novelist,1,Easy
Freedom Fall,1,Easy
The Plan,1,Easy
The Mysterious Cities of Gold Secret Paths,1,Easy
The Night Of The Rabbit,3,Competitive/E-Sports
The Mysterious Cities of Gold: Secret Paths,1,Easy
Ice Age 4: Continental Drift,3,Competitive/E-Sports
The Detail Episode 3: Devil in The Detail,1,Easy
The Deep Paths: Labyrinth Of Andokost,3,Competitive/E-Sports
The Deadly Tower of Monsters,3,Competitive/E-Sports
The Crew: Calling All Units,2,AAA Medium Graphics
The Climb,2,AAA Medium Graphics
the butterfly sign,2,AAA Medium Graphics
Ninja Pizza Girl,3,Competitive/E-Sports
No Heroes,3,Competitive/E-Sports
Ninja Guy,1,Easy
New England Winter:One Sucky Experience,1,Easy
Nevermind,3,Competitive/E-Sports
The Division - Underground,0,AAA High Graphics
The Division - Survival,0,AAA High Graphics
Neural Break,3,Competitive/E-Sports
The Division,0,AAA High Graphics
Tom Clancy Splinter Cell: Conviction,1,Easy
Tom Clancy Hawx 2,1,Easy
Nevergrind,1,Easy
I Am Alive,3,Competitive/E-Sports
The Bunker,3,Competitive/E-Sports
Frederic: Evil Strikes Back,3,Competitive/E-Sports
Freddys Back,1,Easy
FRACT OSC,2,AAA Medium Graphics
Forsaken Fortress,1,Easy
Forest of Suns,1,Easy
Force of nature,1,Easy
Foresight,1,Easy
Forbidden Sanctity,1,Easy
Flockers,3,Competitive/E-Sports
The Lord Of The Rings Online: Helms Deep,1,Easy
The Inner World,1,Easy
The Incredible Adventures of Van Helsing: Blue Blood,1,Easy
Football Manager 2015,1,Easy
The Incredible Adventures of Van Helsing,3,Competitive/E-Sports
The Marching Dead,1,Easy
The Bug Butcher,3,Competitive/E-Sports
Technolust,0,AAA High Graphics
Teenage Mutant Ninja Turtles: Mutants In Manhattan,3,Competitive/E-Sports
TASTEE: Lethal Tactics,3,Competitive/E-Sports
Talisman: The Horus Heresy,3,Competitive/E-Sports
Navpoint,1,Easy
The Battle for Sector 219,3,Competitive/E-Sports
Natural Soccer,1,Easy
NBA 2K16,3,Competitive/E-Sports
NANOS,1,Easy
Mushroom 11,1,Easy
Musclecar Online,1,Easy
Mushihimesama,3,Competitive/E-Sports
The Banner Saga 2,1,Easy
Mugen Souls,3,Competitive/E-Sports
The Black Death,3,Competitive/E-Sports
Thanatos,3,Competitive/E-Sports
The Stalin Subway: Red Veil,1,Easy
The Settlers 7: Paths to a Kingdom,1,Easy
Holy Avatar vs Maidens of the Dead,1,Easy
Hitman : Sniper Challenge,3,Competitive/E-Sports
Hell Yeah! Wrath of the Dead Rabbit,3,Competitive/E-Sports
Hitman Absolution,3,Competitive/E-Sports
flashromances,1,Easy
Fistful of Frags,1,Easy
Tharsis,1,Easy
Firefall,3,Competitive/E-Sports
Fist of Jesus,1,Easy
The Hunters Destiny,1,Easy
First Paradise,1,Easy
The Forgotten Ones,1,Easy
The Fantastic Fivesome,1,Easy
The Elder Scrolls V: Dawnguard,3,Competitive/E-Sports
The Dinosaurs on a Spaceship,1,Easy
The Elder Scrolls V: Hearthfire,3,Competitive/E-Sports
The Deer God,1,Easy
Supraball,3,Competitive/E-Sports
Sven Co-op,1,Easy
SurrealVR,0,AAA High Graphics
Subsistence,2,AAA Medium Graphics
Motosport Revolution,1,Easy
MotoGP 15,0,AAA High Graphics
Mosaic: Game of Gods,1,Easy
Mortal Kombat X,2,AAA Medium Graphics
The Elder Scrolls V: Dragonborn,3,Competitive/E-Sports
Sword Art Online Hollow Realization,2,AAA Medium Graphics
Monstrum,2,AAA Medium Graphics
Mirrored - Chapter 1,1,Easy
SUPERHOT VR,2,AAA Medium Graphics
SUPERHOT,2,AAA Medium Graphics
Mono Gyre,1,Easy
Molten Sky,3,Competitive/E-Sports
Mordheim: City Of The Damned,2,AAA Medium Graphics
Streamline,2,AAA Medium Graphics
Street Fighter V,2,AAA Medium Graphics
The Great Paper Adventure,1,Easy
The Airfighter 2010,1,Easy
Tales from the Void,2,AAA Medium Graphics
Table Top Racing: World Tour,2,AAA Medium Graphics
Hegemony Rome: The Rise of Caesar,3,Competitive/E-Sports
Hearts of Iron III: Their Finest Hour,1,Easy
Haunt : The Real Slender Game,1,Easy
Hearts of Iron III: Stars and Stripes,1,Easy
Harmageddon:Cave Explorer,1,Easy
Hawken,3,Competitive/E-Sports
Harmageddon: Town of the Death,1,Easy
Harmageddon: The Lost Isle,1,Easy
FarSky,3,Competitive/E-Sports
FIFA 15,2,AAA Medium Graphics
Faster Than Light: Advanced Edition,1,Easy
Farming Simulator 2015,3,Competitive/E-Sports
The Dark Eye: Demonicon,3,Competitive/E-Sports
The Chaos Engine,3,Competitive/E-Sports
Tetrobot and Co.,1,Easy
The Bureau: XCOM Declassified,3,Competitive/E-Sports
Stories: The Path of Destinies,2,AAA Medium Graphics
Tera: Rising,3,Competitive/E-Sports
Stellaris: Plantoids Species Pack,3,Competitive/E-Sports
Stellaris: Leviathans,3,Competitive/E-Sports
Stellar Overload,0,AAA High Graphics
Stellaris,3,Competitive/E-Sports
Starward Rogue,1,Easy
Steep,0,AAA High Graphics
Starship Corporation,2,AAA Medium Graphics
Minecraft: Windows 10 Edition,1,Easy
Minecraft: Story Mode,3,Competitive/E-Sports
Mine Dudes,1,Easy
MIND CHAMBERS,1,Easy
Mimpi,1,Easy
Might and Magic Heroes VII,2,AAA Medium Graphics
Syndicates of Arkon,1,Easy
Superstars V8 Next Challenge,1,Easy
Half-Minute Hero,1,Easy
Fatal Frame: Maiden of Black Water,2,AAA Medium Graphics
Half-Life 2: Remastered Collection,0,AAA High Graphics
Guild Wars 2,3,Competitive/E-Sports
Guns of Icarus Online,1,Easy
Farm for your Life,1,Easy
Might & Magic Heroes Online,3,Competitive/E-Sports
Far Cry 4,2,AAA Medium Graphics
Fancy Skulls,1,Easy
Falling Skies: The Game,3,Competitive/E-Sports
Fairspace,1,Easy
Fabula Mortis,1,Easy
Fabricant: Episode 1,1,Easy
Fable Anniversary,3,Competitive/E-Sports
F1 2014,3,Competitive/E-Sports
Teenage Mutant Ninja Turtles: Out of the Shadows,3,Competitive/E-Sports
Tales of Pirates 2,1,Easy
F.E.A.R. Online,1,Easy
Stars in Shadow,3,Competitive/E-Sports
Stardew Valley,1,Easy
Starbound,1,Easy
Tactical Intervention,3,Competitive/E-Sports
Star Wars: Battlefront - Outer Rim,0,AAA High Graphics
Star Wars: Battlefront - Bespin,0,AAA High Graphics
Middle-Earth: Shadow of Mordor - The Bright Lord,2,AAA Medium Graphics
Takedown: Red Sabre,3,Competitive/E-Sports
Might And Magic Heroes Online,1,Easy
Microsoft Flight Simulator 2015,3,Competitive/E-Sports
Sword Of The Stars: The Pit - Mind Games,1,Easy
Sword of the Stars: The Pit,1,Easy
Stable Orbit,3,Competitive/E-Sports
Medieval Engineers,3,Competitive/E-Sports
Star Wars: Battlefront - Death Star,0,AAA High Graphics
Massive Chalice,3,Competitive/E-Sports
Metal Gear Solid V: The Phantom Pain,2,AAA Medium Graphics
Super Strip Fighter IV,1,Easy
Tank Operations: European Campaign,1,Easy
Mayan Death Robots,1,Easy
Mess Goblins,1,Easy
Halo 4,3,Competitive/E-Sports
Gratuitous Tank Battles,1,Easy
Gratuitous Tank Battles: The Western Front,1,Easy
Gotham City Impostors,1,Easy
Eyan,1,Easy
EvilQuest,1,Easy
Ether One,3,Competitive/E-Sports
Grand Chase,1,Easy
Steel Armor:Blaze of War,1,Easy
Evolution RTS,1,Easy
Eterium,3,Competitive/E-Sports
Exodus Wars: Fractured Empire,3,Competitive/E-Sports
Europa Universalis IV: Art of War,1,Easy
Survived,1,Easy
Survivor Squad,1,Easy
Supper Puzzle Platformer Deluxe,1,Easy
Superfrog HD,1,Easy
Super Ubie Land,1,Easy
Super Trench Attack,1,Easy
Surgeon Simulator 2013,1,Easy
Special Tactics,3,Competitive/E-Sports
Space Run Galaxy,3,Competitive/E-Sports
Space Pirates and Zombies 2,3,Competitive/E-Sports
Space Pirate Trainer,0,AAA High Graphics
Space Hulk: Deathwing,0,AAA High Graphics
Marvel Heroes 2015 - Kitty Pryde Pack,2,AAA Medium Graphics
Sorcery: Part 4,1,Easy
Super Splatters,1,Easy
Song of the Deep,3,Competitive/E-Sports
Spellstone,3,Competitive/E-Sports
Mad Max,2,AAA Medium Graphics
Luna Sky,3,Competitive/E-Sports
Lucius 2 : The Prophecy,2,AAA Medium Graphics
Lucid Awakening 2,1,Easy
Somerville,2,AAA Medium Graphics
Star Wars: The Force Unleashed II,1,Easy
StarCraft II: Wings of Liberty,1,Easy
Star Trek Online,3,Competitive/E-Sports
Split Second,3,Competitive/E-Sports
Star Hammer Tactics,1,Easy
Starpoint Gemini,1,Easy
Ghost Whisperer: Forgotten Toys,1,Easy
Gettysburg: Armored Warfare,3,Competitive/E-Sports
Ghost Whisperer: A Brush With Death,1,Easy
Escape Goat 2,3,Competitive/E-Sports
Epic Space,1,Easy
Escape Dead Island,3,Competitive/E-Sports
Super House of Dead Ninjas,1,Easy
Strike Suit Zero,3,Competitive/E-Sports
Strike Suit Infinity,3,Competitive/E-Sports
Magicka 2,3,Competitive/E-Sports
Stonerid,1,Easy
Stick It To The Man,1,Easy
Smash and Grab,2,AAA Medium Graphics
Smashing the Battle,2,AAA Medium Graphics
Sky Tower,0,AAA High Graphics
Slayer Shock,3,Competitive/E-Sports
Lovers in a Dangerous Spacetime,1,Easy
Lost Ghost Mansion,1,Easy
Loading Human,3,Competitive/E-Sports
Lords of the Fallen: Ancient Labyrinth,2,AAA Medium Graphics
Lightrise,1,Easy
Lightning Returns: Final Fantasy XIII,3,Competitive/E-Sports
Sky Break,2,AAA Medium Graphics
Slayaway Camp,1,Easy
Space Ship Alvue 2,1,Easy
Spider Man: Shattered Dimensions,1,Easy
Sneak Thief,1,Easy
Lost Horizon 2,3,Competitive/E-Sports
Space Ship Alvue,1,Easy
Gateways,1,Easy
Gas Guzzlers: Combat Carnage,3,Competitive/E-Sports
Enemy Starfighter,1,Easy
Endless Legend,2,AAA Medium Graphics
Emergency 5,3,Competitive/E-Sports
Emils Block Game,1,Easy
Gameglobe,1,Easy
State of Decay - Breakdown,3,Competitive/E-Sports
Steam and Metal,1,Easy
Enemy Mind,1,Easy
Starpoint Gemini 2,3,Competitive/E-Sports
Gemini Wars,1,Easy
Starlight Inception,3,Competitive/E-Sports
Enemy Front,3,Competitive/E-Sports
Steam Marines,1,Easy
Star Wars: The Old Republic - Rise of the Hutt Cartel,3,Competitive/E-Sports
State Of Decay,3,Competitive/E-Sports
Sins of a Solar Empire: Rebellion - Outlaw Sectors,3,Competitive/E-Sports
Shredders,0,AAA High Graphics
Shoppe Keep,3,Competitive/E-Sports
Sheltered,1,Easy
ShapeRockets,3,Competitive/E-Sports
Shake Your Money Simulator 2016,1,Easy
Shadwen,3,Competitive/E-Sports
Lighthockey,3,Competitive/E-Sports
Liftoff,2,AAA Medium Graphics
Life Is Strange: Episode 3 - Chaos Theory,3,Competitive/E-Sports
Life is Strange: Episode 2 - Out of Time,3,Competitive/E-Sports
StarCraft II: Heart of the Swarm,1,Easy
LEX MORTIS,2,AAA Medium Graphics
Lego Jurassic World,3,Competitive/E-Sports
Life is Strange: Episode 5 - Polarized,3,Competitive/E-Sports
Life Is Strange - Episode 1,3,Competitive/E-Sports
Ships 2017,2,AAA Medium Graphics
Sherlock Holmes: The Devils Daughter,2,AAA Medium Graphics
Sniper: Ghost Warrior,1,Easy
Life Is Feudal,2,AAA Medium Graphics
Skyscraper Simulator,1,Easy
Frozen Synapse: Red,1,Easy
Frontline Tactics,1,Easy
Life is Strange: Episode 4 - Dark Room,3,Competitive/E-Sports
Frozen Hearth,1,Easy
Fray,1,Easy
Elegy for a Dead World,1,Easy
Echo Prime,1,Easy
Dysfunctional Systems: Learning to Manage Chaos,1,Easy
Dynasty Warriors 8: Xtreme Legends Complete Edition,3,Competitive/E-Sports
Star Wars: The Old Republic - Galactic Starfighter,3,Competitive/E-Sports
Star Trek,3,Competitive/E-Sports
Dungeon Defenders II,1,Easy
Spoids,1,Easy
Spellirium,1,Easy
Star Drive,1,Easy
Star Conflict,1,Easy
SpellForce 2 - Faith in Destiny Scenario 3: The Last Stand,1,Easy
Serious Sam VR: The Last Hope,0,AAA High Graphics
Senran Kagura Shinovi Versus,2,AAA Medium Graphics
Legend of Kay Anniversary,3,Competitive/E-Sports
Legend of Iya,1,Easy
Land of Traps,1,Easy
Scrap Garden - The Day Before,1,Easy
Lady Hammerlock the Baroness,1,Easy
Kumoon,1,Easy
Sins of a Solar Empire: Diplomacy,1,Easy
Shadow Tactics: Blades of the Shogun,3,Competitive/E-Sports
Sengoku Jidai: Shadow of the Shogun,1,Easy
Singularity,3,Competitive/E-Sports
Sims 3: Late Night,1,Easy
Sims 3: Fast Lane Stuff,1,Easy
Seasons After Fall,3,Competitive/E-Sports
Sims 3: Barnacle Bay,1,Easy
Sims 3: Create A Sim,1,Easy
Sims 3: Ambitions,1,Easy
Seraph,3,Competitive/E-Sports
Sims 3: Design & High-Tech Stuff,1,Easy
Scrap Mechanic,3,Competitive/E-Sports
Forge,3,Competitive/E-Sports
Shadow Warrior 2,2,AAA Medium Graphics
Football Manager 2013,1,Easy
FLYN,3,Competitive/E-Sports
Drifter,1,Easy
Dreamfall Chapters: The Longest Journey,3,Competitive/E-Sports
Dreadout,3,Competitive/E-Sports
Dragon Age: The Last Court,1,Easy
Dragon Age 3: Inquisition,2,AAA Medium Graphics
SpellForce 2 - Faith in Destiny Scenario 2: The Golden Fool,1,Easy
Dragons And Titans,1,Easy
Door Kickers,1,Easy
Speedball 2 HD,3,Competitive/E-Sports
Special Forces: Team X,3,Competitive/E-Sports
SpeedRunners,1,Easy
Samorost 3,1,Easy
Salt and Sacrifice,1,Easy
Rusty lake: Roots,1,Easy
Sakura Nova,1,Easy
Rugby Union Team Manager 2017,1,Easy
Laserlife,2,AAA Medium Graphics
Korwin The Game,1,Easy
Knee Deep,1,Easy
Savage Resurrection,2,AAA Medium Graphics
Salvaged,0,AAA High Graphics
Sakura Space,1,Easy
Knight Squad,3,Competitive/E-Sports
Shiren the Wanderer: The Tower of Fortune and the Dice of Fate,3,Competitive/E-Sports
Krai Mira/Crimea,3,Competitive/E-Sports
Knights of Pen & Paper 2,1,Easy
Shantae: Riskys Revenge,1,Easy
Fireburst,1,Easy
FIFA Manager 13,1,Easy
FIFA 2012: UEFA Euro 2012,1,Easy
Kings Quest,3,Competitive/E-Sports
Final Fantasy XIII-2,3,Competitive/E-Sports
Fifa 13,1,Easy
Dont Starve: Reign of Giants,1,Easy
Dont Starve Together,1,Easy
Divine Souls,1,Easy
Spacebase DF-9,1,Easy
Dogs Of War Online,3,Competitive/E-Sports
Space Hulk,1,Easy
Special Transport Simulator,1,Easy
Space Conflict,1,Easy
Space Engineers,0,AAA High Graphics
Rugby Challenge 3,3,Competitive/E-Sports
Romance of the Three Kingdoms XIII,1,Easy
Rise of the Tomb Raider - Cold Darkness Awakened,0,AAA High Graphics
RollerCoaster Tycoon World,2,AAA Medium Graphics
Rise of the Tomb Raider - Baba Yaga: Temple of the Witch,0,AAA High Graphics
Rise of the Tomb Raider: 20 Year Celebration,0,AAA High Graphics
Space Engine,1,Easy
RimWorld,1,Easy
Kings of Kung Fu,3,Competitive/E-Sports
Kingdoms CCG,1,Easy
King Voxel,1,Easy
Kelp,1,Easy
Keep Talking and Nobody Explodes,1,Easy
Kensaku Rakuen,1,Easy
Sexy Beach Zero,1,Easy
Shank,1,Easy
Rise of the Tomb Raider,0,AAA High Graphics
Karmaflow: The Rock Videogame,1,Easy
Fibrillation,1,Easy
Kholat,2,AAA Medium Graphics
Dimension Nexus Adventures,1,Easy
Distant Star: Revenant Fleet,1,Easy
Rogue Wizards,1,Easy
DieselStormers,3,Competitive/E-Sports
Diehard Dungeon,1,Easy
Faster Than Light,1,Easy
Distance,3,Competitive/E-Sports
Far Cry 3,3,Competitive/E-Sports
Diablo III: Reaper Of Souls,3,Competitive/E-Sports
Deus Ex: The Fall,3,Competitive/E-Sports
Sonic Lost World,3,Competitive/E-Sports
Soldier Front 2,1,Easy
Sokobond,1,Easy
Solar Flux,1,Easy
Riders of Icarus,2,AAA Medium Graphics
Sniper: Ghost Warrior 2,3,Competitive/E-Sports
Sniper Ghost Warrior 2: Siberian Strike,3,Competitive/E-Sports
SNOW,3,Competitive/E-Sports
Snipers: Invisible Silent Deadly,3,Competitive/E-Sports
Sonic and All-Stars Racing Transformed,3,Competitive/E-Sports
Ride 2,0,AAA High Graphics
Resident Evil Zero HD,3,Competitive/E-Sports
RefRain -prism memories-,3,Competitive/E-Sports
Redout,2,AAA Medium Graphics
ReCore,0,AAA High Graphics
Raw Data,0,AAA High Graphics
Just Get Through,1,Easy
Just Dance 2016,3,Competitive/E-Sports
Jumpjet Rex,1,Easy
Revelation Online,3,Competitive/E-Sports
Jotun,1,Easy
JtR125,1,Easy
S.T.A.L.K.E.R.: Call of Pripyat,1,Easy
RENOIR,3,Competitive/E-Sports
Just Survive,2,AAA Medium Graphics
Fairy Island,1,Easy
Just Cause 3,0,AAA High Graphics
F1 Race Stars,3,Competitive/E-Sports
Depth Hunter 2,1,Easy
Depth,3,Competitive/E-Sports
Democracy 3: Extremism,1,Easy
Defense Grid 2,3,Competitive/E-Sports
Defenders of Time,1,Easy
Sniper Elite: Nazi Zombie Army 2,1,Easy
Slender: The arrival,3,Competitive/E-Sports
Deadstone,1,Easy
Sniper Elite: Nazi Zombie Army,1,Easy
Fairy Bloom Freesia,1,Easy
Smugglers V,1,Easy
SLAMMED!,1,Easy
Quantum Break,0,AAA High Graphics
Sleeping Dogs: Year of the Snake,3,Competitive/E-Sports
Depths of Fear :: Knossos,1,Easy
Quadrilateral Cowboy,3,Competitive/E-Sports
P·O·L·L·E·N,0,AAA High Graphics
Project Highrise,3,Competitive/E-Sports
Project Genom,2,AAA Medium Graphics
Pro Evolution Soccer 2017,3,Competitive/E-Sports
Pro Cycling Manager 2016,3,Competitive/E-Sports
iZBOT,1,Easy
It Came From Space And Ate Our Brains,3,Competitive/E-Sports
Invertical Touch,1,Easy
Insomnia,3,Competitive/E-Sports
Quern - Undying Thoughts,2,AAA Medium Graphics
Infinite Space III: Sea of Stars,1,Easy
Smashmuck Champions,1,Easy
Infinite Crisis,3,Competitive/E-Sports
Ruse,3,Competitive/E-Sports
Ether Vapor Remaster,1,Easy
DeadCore,1,Easy
Deadbreed,3,Competitive/E-Sports
Eve Online: Inferno,1,Easy
Euro Truck Simulator 2,3,Competitive/E-Sports
Rocket Knight,1,Easy
Eve Online: Retribution,1,Easy
Dead Effect,3,Competitive/E-Sports
Skulls of the Shogun,1,Easy
Dead Mans Draw,1,Easy
Six Oclock High,1,Easy
Sins of a Solar Empire: Rebellion - Stellar Phenomena,3,Competitive/E-Sports
Sins of a Solar Empire: Rebellion - Forbidden Worlds,3,Competitive/E-Sports
Sims 3: University Life,1,Easy
Sims 3: Movie Stuff,1,Easy
Sims 3: Monte Vista,1,Easy
Postal Redux,3,Competitive/E-Sports
Polaris Sector,3,Competitive/E-Sports
Plants vs Zombies Garden Warfare 2,0,AAA High Graphics
Planet Coaster,0,AAA High Graphics
Planet Centauri,3,Competitive/E-Sports
Pitfall Planet,2,AAA Medium Graphics
Pillars of Eternity: The White March Part 2,2,AAA Medium Graphics
Infinite,1,Easy
Infinifactory,1,Easy
Idol Hands,3,Competitive/E-Sports
I Shall Remain,1,Easy
HyperRogue,1,Easy
Hyperdimension Neptunia Rebirth2,3,Competitive/E-Sports
Hyper Void,1,Easy
iRacing,0,AAA High Graphics
Hyperdimension Neptunia ReBirth1,3,Competitive/E-Sports
Hyperdimension Neptunia Re;Birth3 V Generation,3,Competitive/E-Sports
HUSH,1,Easy
Skullgirls,1,Easy
Erie,1,Easy
Endless Space,3,Competitive/E-Sports
Elemental: Fallen Enchantress,1,Easy
Datswer,1,Easy
Daylight,3,Competitive/E-Sports
Dark Blood Online,1,Easy
Daily Espada,1,Easy
Sims 3: Into The Future,1,Easy
Sims 3 Dragon Valley,1,Easy
Dark Souls 2: Crown Of The Sunken King,3,Competitive/E-Sports
Dark Souls 2: Crown Of The Old Iron King,3,Competitive/E-Sports
Phantom Brave PC,2,AAA Medium Graphics
Sims 3: 70s 80s and 90s Stuff,1,Easy
Sims 3: Island Paradise,1,Easy
Peak Angle: Drift Online,2,AAA Medium Graphics
Paws,1,Easy
Dark Souls 2: Crown Of The Ivory King,3,Competitive/E-Sports
Path of Exile: Atlas of Worlds,1,Easy
Party Hard - High Crimes,1,Easy
Dark Souls 2,3,Competitive/E-Sports
Party Hard - Dark Castle,1,Easy
Particle Fleet Emergence,3,Competitive/E-Sports
Parkitect,3,Competitive/E-Sports
SimCity: Cities of Tomorrow,3,Competitive/E-Sports
SimCity: Amusement Park Pack,3,Competitive/E-Sports
Paladins: Champions of the Realm,3,Competitive/E-Sports
Hurtworld,3,Competitive/E-Sports
HuniePop,1,Easy
SimCity,3,Competitive/E-Sports
Human Resource Machine,1,Easy
Human Extinction Simulator,1,Easy
Human Element,3,Competitive/E-Sports
House Living Simulator 2015,1,Easy
Paragon,2,AAA Medium Graphics
Hotel Endless,1,Easy
Hotline Miami 2,1,Easy
DungeonBowl,1,Easy
Dungeon Defenders: Presidents Day Surprise,1,Easy
How To Survive 2,2,AAA Medium Graphics
Crusader Kings II: Way Of Life,1,Easy
Cypress Inheritance: The Beginning,2,AAA Medium Graphics
Cult of the Wind,1,Easy
Crusader Kings II: Rajas Of India,1,Easy
Crowntakers,1,Easy
Crow,1,Easy
Creeper World 3: Arc Eternal,1,Easy
Creativerse,3,Competitive/E-Sports
Silence: The Whispered World II,2,AAA Medium Graphics
Cricket 14,3,Competitive/E-Sports
Path of War,1,Easy
Signs of Life,1,Easy
Shattered Haven,1,Easy
Shadowrun Returns,1,Easy
ShootMania Storm,1,Easy
Shiden,1,Easy
Shelter,1,Easy
Oxenfree,3,Competitive/E-Sports
Overwatch,3,Competitive/E-Sports
Overkill VR,0,AAA High Graphics
Overcooked,3,Competitive/E-Sports
Outbreak Pandemic Evolution,2,AAA Medium Graphics
Out of the Park Baseball 17,1,Easy
Hotel Blind,3,Competitive/E-Sports
Homeworld Remastered Collection,3,Competitive/E-Sports
Homesick,3,Competitive/E-Sports
Hollowpoint,3,Competitive/E-Sports
HIS,1,Easy
Heterodoxxed,1,Easy
Heroes of the Storm,3,Competitive/E-Sports
Heroes of Normandie,1,Easy
Heroes of Might and Magic III : HD,3,Competitive/E-Sports
Pro Evolution Soccer 2011,1,Easy
Prince of Persia: The Forgotten Sands,1,Easy
Prison Break,1,Easy
Prepar3D,2,AAA Medium Graphics
Draw a Stickman: Epic,1,Easy
Crea,1,Easy
Double Dragon Neon,1,Easy
Dr Who Episode 5 - The Gunpowder Plot,1,Easy
Crashed Lander,1,Easy
Crawl,1,Easy
Courage,1,Easy
Costume Quest 2,1,Easy
Cosmonautica - A Space Trading Adventure,1,Easy
Shadow Warrior 2013,3,Competitive/E-Sports
Seduce Me,3,Competitive/E-Sports
Secret Files: Sam Peters,1,Easy
One Piece: Burning Blood,2,AAA Medium Graphics
Counter-Strike Nexon: Zombies,1,Easy
Of Kings And Men,0,AAA High Graphics
Otems Defiance,0,AAA High Graphics
Onward,0,AAA High Graphics
Helldivers,3,Competitive/E-Sports
Her Story,1,Easy
Hektor,3,Competitive/E-Sports
Heavy Gear Assault,3,Competitive/E-Sports
Hearthstone: The Grand Tournament,3,Competitive/E-Sports
Oh...Sir!! The Insult Simulator,1,Easy
Oil Enterprise,3,Competitive/E-Sports
Hearthstone: Blackrock Mountain,3,Competitive/E-Sports
Hatred,2,AAA Medium Graphics
PacGhost,1,Easy
Dogfight 1942,1,Easy
Osiris: New Dawn,0,AAA High Graphics
District 187: S.W.A.T. Starter Pack,1,Easy
District 187: Sin Streets,1,Easy
Doctor Who: The Eternity Clock,3,Competitive/E-Sports
Dishonored: Dunwall City Trials,3,Competitive/E-Sports
Conquest of Champions,1,Easy
Consortium,3,Competitive/E-Sports
Onechanbara Z2: Chaos,2,AAA Medium Graphics
Dishonored,3,Competitive/E-Sports
Doom 3 BFG Edition,1,Easy
Congo,1,Easy
Concursion,1,Easy
Scribblenauts Unmasked,3,Competitive/E-Sports
Savant - Ascent,1,Easy
SeaCraft,3,Competitive/E-Sports
Sang-Froid: Tales of Werewolves,3,Competitive/E-Sports
Sanctum 2: Ruins Of Brightholme,3,Competitive/E-Sports
Scourge: Outbreak,3,Competitive/E-Sports
Sanctum 2: Road To Elysion,3,Competitive/E-Sports
scarlet blade,1,Easy
Sanctum 2,3,Competitive/E-Sports
Obduction,0,AAA High Graphics
Oculus Rift,0,AAA High Graphics
No Mans Sky,2,AAA Medium Graphics
Night Of Azure,2,AAA Medium Graphics
Negligee,1,Easy
Need For Speed,0,AAA High Graphics
Hatoful Boyfriend: Holiday Star,1,Easy
Harold,1,Easy
Hard West,3,Competitive/E-Sports
Notruf 112 – Die Feuerwehr Simulation,3,Competitive/E-Sports
Hand of Fate,2,AAA Medium Graphics
Halo Online,3,Competitive/E-Sports
Hacknet,1,Easy
Hackers Paradise,1,Easy
Octodad,1,Easy
Necropolis,2,AAA Medium Graphics
NBA 2K17,2,AAA Medium Graphics
Need For Speed: World Online,1,Easy
Naval Action,2,AAA Medium Graphics
Need for Speed: Hot Pursuit Super Sports,3,Competitive/E-Sports
Dirt Showdown,3,Competitive/E-Sports
Dino Run,1,Easy
Depth Hunter,3,Competitive/E-Sports
Deponia,1,Easy
Company Of Heroes 2: The Western Front Armies,3,Competitive/E-Sports
Company of Heroes 2: Ardennes Assault,3,Competitive/E-Sports
Color Catch,1,Easy
Commando Jack,1,Easy
Colonies Online,1,Easy
Coldfire Keep,1,Easy
Colossal Kaiju Combat: Kaijuland Battles,1,Easy
Color Symphony,1,Easy
Cold Contract,1,Easy
Colony Capture,1,Easy
Saints Row IV: How The Saints Save Christmas,3,Competitive/E-Sports
Saints Row 4: Enter The Dominatrix,3,Competitive/E-Sports
No More Heroes 2:Desperate Struggle,2,AAA Medium Graphics
Saints Row 4,3,Competitive/E-Sports
S.K.I.L.L. Special Force 2,1,Easy
Sacred Citadel,1,Easy
My Summer Car,3,Competitive/E-Sports
Naruto Shippudden: Ultimate Ninja Storm 4,2,AAA Medium Graphics
Mr.President!,0,AAA High Graphics
My Tower My Home,1,Easy
Salem,3,Competitive/E-Sports
Motorsport Manager,2,AAA Medium Graphics
Moto Racer 4,2,AAA Medium Graphics
Gunslugs 2,1,Easy
Guilty Gear Xrd -Sign-,2,AAA Medium Graphics
Rust,0,AAA High Graphics
Ryse: Son Of Rome,2,AAA Medium Graphics
Guild Wars 2: Heart of Thorns,3,Competitive/E-Sports
Guardians of Victoria,3,Competitive/E-Sports
Mother Russia Bleeds,1,Easy
Ground Branch,1,Easy
Grim Fandango Remastered,3,Competitive/E-Sports
MXGP2 - The Official Motocross Game,0,AAA High Graphics
Grow Home,3,Competitive/E-Sports
Grimoire: Manastorm,1,Easy
Need for Speed: Hot Pursuit,3,Competitive/E-Sports
Department 42: The Mystery of The Nine,1,Easy
Defenders of Ardania: Battlemagic,1,Easy
Deep Black,3,Competitive/E-Sports
Cliffhorse,1,Easy
Cloud Chamber,3,Competitive/E-Sports
Civilization: Beyond Earth,3,Competitive/E-Sports
NBA 2K11,1,Easy
CloudBuilt,3,Competitive/E-Sports
City of Steam,1,Easy
Death Road,3,Competitive/E-Sports
Rugby Challenge 2: The Lions Tour Edition,3,Competitive/E-Sports
Dear Esther,1,Easy
RunRabbitRun,1,Easy
Guardians of Orion,2,AAA Medium Graphics
Roots Cubedonian Run,1,Easy
Rooks Keep,3,Competitive/E-Sports
Rogue Legacy,1,Easy
Mirrors Edge 2: Catalyst,0,AAA High Graphics
Moonlight,1,Easy
RuneScape 3,3,Competitive/E-Sports
Mighty No. 9,2,AAA Medium Graphics
Grey Goo,3,Competitive/E-Sports
Metal Assault: Gigaslave,3,Competitive/E-Sports
Meridian: Squad 22,3,Competitive/E-Sports
Gravity Ghost,1,Easy
Gravilon,1,Easy
GRAV,2,AAA Medium Graphics
Grass is No More,1,Easy
Grand Theft Seagull,1,Easy
Grand Master Chess,1,Easy
Grand Class Melee 2,1,Easy
Grand Ages: Medieval,2,AAA Medium Graphics
Napoleon: Total War,1,Easy
Deadly 30,1,Easy
Circle Runner,1,Easy
Deadlight,1,Easy
DeadEnd Cerebral Vortex,1,Easy
DCS: Combined Arms,3,Competitive/E-Sports
Chucks Challenge 3D,3,Competitive/E-Sports
Dead Island: Ryder White,3,Competitive/E-Sports
Chroma Squad,1,Easy
Child of Light,3,Competitive/E-Sports
Chronology,1,Easy
Chaos Reborn,3,Competitive/E-Sports
Chaos Domain,3,Competitive/E-Sports
Catmouth Island,1,Easy
Castlevania: Lords of Shadow Mirror of Fate HD,3,Competitive/E-Sports
Rocksmith 2014,3,Competitive/E-Sports
Rising Storm,3,Competitive/E-Sports
Rockefeller - The Black Gold,1,Easy
Risk of Rain,1,Easy
Rise Of Venice: Beyond The Sea,1,Easy
Rise Of Venice,1,Easy
Rise of the Triad,3,Competitive/E-Sports
Rise of the Raveger,1,Easy
Master of Orion,3,Competitive/E-Sports
Masquerade: The Baubles of Doom,3,Competitive/E-Sports
Mantis Burn Racing,3,Competitive/E-Sports
Maize,2,AAA Medium Graphics
Mafia III,0,AAA High Graphics
Lumo,2,AAA Medium Graphics
Goscurry,1,Easy
Googles,1,Easy
Rise of Flight: Channel Battles Edition,3,Competitive/E-Sports
Goat Simulator: GoatZ,3,Competitive/E-Sports
Gnomoria,1,Easy
Mount and Blade: Warband,1,Easy
MOTO GP 0910,1,Easy
Genio,1,Easy
Luckcatchers,2,AAA Medium Graphics
Darksiders II: Abyssal Forge,3,Competitive/E-Sports
Man O War: Corsair,0,AAA High Graphics
Castlevania: Lords of Shadow 2 - Revelations DLC,3,Competitive/E-Sports
CaRPG,1,Easy
Mad Games Tycoon,3,Competitive/E-Sports
Meadow,3,Competitive/E-Sports
Canyon Capers,1,Easy
Castlevania: Lords of Shadow 2,3,Competitive/E-Sports
Call Of Duty: Ghosts - Onslaught,2,AAA Medium Graphics
Call Of Duty: Ghosts - Nemesis,2,AAA Medium Graphics
Ring Runner: Flight of the Sages,1,Easy
Card City Nights,1,Easy
Car Mechanic Simulator 2014,3,Competitive/E-Sports
Cannons Lasers Rockets,3,Competitive/E-Sports
Ride To Hell: Retribution,3,Competitive/E-Sports
RIDGE RACER Driftopia,3,Competitive/E-Sports
rFactor 2,2,AAA Medium Graphics
Lost Sea,3,Competitive/E-Sports
Ride To Hell: Route 666,3,Competitive/E-Sports
Livelock,2,AAA Medium Graphics
Life of Rome,2,AAA Medium Graphics
Life in Bunker,2,AAA Medium Graphics
Lichtspeer,1,Easy
Lethal VR,0,AAA High Graphics
Lichdom Battlemage,2,AAA Medium Graphics
Game of Thrones: Episode 4 - Sons of Winter,3,Competitive/E-Sports
Game of Thrones: Episode 2 - The Lost Lords,3,Competitive/E-Sports
Richard and Alice,1,Easy
Game of Thrones: Episode 6 - The Ice Dragon,3,Competitive/E-Sports
Game of Thrones: Episode 5 - A Nest of Vipers,3,Competitive/E-Sports
Game of Thrones: Episode 3 - The Sword in the Darkness,3,Competitive/E-Sports
DayZ,0,AAA High Graphics
Metro 2033,3,Competitive/E-Sports
Call Of Duty: Ghosts - Invasion,2,AAA Medium Graphics
Darksiders 2: Arguls Tomb,3,Competitive/E-Sports
Call Of Duty: Ghosts - Devastation,2,AAA Medium Graphics
Darksiders 2,3,Competitive/E-Sports
Broken Age,3,Competitive/E-Sports
C.A.R.S.,2,AAA Medium Graphics
Broforce,3,Competitive/E-Sports
BrickBlast U!,1,Easy
Cabal 2,3,Competitive/E-Sports
Burning Cars,1,Easy
Reus,1,Easy
Retrovirus,1,Easy
Resident Evil 6,3,Competitive/E-Sports
RetroGrade,1,Easy
Let it Die,0,AAA High Graphics
Retaliation: Path of War,1,Easy
Resident Evil: Revelations,3,Competitive/E-Sports
Lego Marvel Avengers,3,Competitive/E-Sports
Lego Star Wars: The Force Awakens,3,Competitive/E-Sports
Legend of Miro,3,Competitive/E-Sports
Last Days of Old Earth,2,AAA Medium Graphics
Kona,3,Competitive/E-Sports
GALAK-Z,3,Competitive/E-Sports
Galactic Inheritors,1,Easy
Gabe Newell Simulator,3,Competitive/E-Sports
Call of Duty: Advanced Warfare,2,AAA Medium Graphics
Koihime Enbu,3,Competitive/E-Sports
G.E.U.,1,Easy
Furtherance,1,Easy
Layers of Fear: Inheritance,2,AAA Medium Graphics
Layers of Fear,2,AAA Medium Graphics
Frozen Cortex,1,Easy
Frozen State,1,Easy
MegaGlest,1,Easy
Galactic Civilizations III,3,Competitive/E-Sports
Medal of Honor,3,Competitive/E-Sports
Mass Effect 2: Overlord,3,Competitive/E-Sports
Mass Effect 2: Kasumis Stolen Memory,3,Competitive/E-Sports
Mass Effect 2: Lair of the Shadow Broker,3,Competitive/E-Sports
Dark Heritage: Guardians of Hope Collectors Edition,1,Easy
Lara Croft Go,2,AAA Medium Graphics
Dangerous,1,Easy
Braveland Wizard,1,Easy
BossConstructor,1,Easy
Boundless,3,Competitive/E-Sports
Darkfall: Unholy Wars,3,Competitive/E-Sports
Bound By Flame,3,Competitive/E-Sports
Bot Colony,1,Easy
BOMB,1,Easy
Borderlands: The Pre-sequel,3,Competitive/E-Sports
Block Story,1,Easy
Rescue 2013,1,Easy
Renaissance Heroes,1,Easy
Reef Shot,1,Easy
Remember Me,3,Competitive/E-Sports
Receiver,1,Easy
Realms of Arkania: Blade of Destiny,3,Competitive/E-Sports
Real World Racing,1,Easy
Kingdom: New Lands,1,Easy
Kingspray Graffiti VR,0,AAA High Graphics
Kings and Heroes,3,Competitive/E-Sports
Kingdom,1,Easy
Killing Room,3,Competitive/E-Sports
Killing Floor 2,3,Competitive/E-Sports
Kill to Collect,3,Competitive/E-Sports
Kill The Plumber,3,Competitive/E-Sports
Kick Ass Commandos,1,Easy
Fringes of the Empire,3,Competitive/E-Sports
FreeStyle Scooter Game,1,Easy
FreeStyle 2: Street Basketball,3,Competitive/E-Sports
Fran Bow,1,Easy
Fractured Soul,1,Easy
Knight Online,1,Easy
Forward To The Sky,1,Easy
Mass Effect 2,3,Competitive/E-Sports
Crusader Kings II: Sword of Islam,1,Easy
Franchise Hockey Manager 2,3,Competitive/E-Sports
Crusader Kings II: Sunset Invasion,1,Easy
Blitz,1,Easy
Crusader Kings II: Legacy of Rome,1,Easy
Crusader Kings II: Songs of Byzantium,1,Easy
Block N Load Beta,3,Competitive/E-Sports
Crusader Kings II: Ruler Designer,1,Easy
Blinding Dark,1,Easy
Blackguards: Untold Legends,3,Competitive/E-Sports
Beyond Space,1,Easy
Blackguards,3,Competitive/E-Sports
Betrayer,3,Competitive/E-Sports
Blackbay Asylum,1,Easy
Bioshock Infinite: Burial At Sea - Episode Two,3,Competitive/E-Sports
Bik - A Space Adventure,1,Easy
Beneath the Crimson Moon,1,Easy
Bedlam,3,Competitive/E-Sports
Real Soccer Online,3,Competitive/E-Sports
Rayman Legends,1,Easy
Rawbots,3,Competitive/E-Sports
Rain Blood Chronicles: Mirage,3,Competitive/E-Sports
Ragnarok Online 2,1,Easy
Kathy Rain,1,Easy
Karma. Incarnation 1,3,Competitive/E-Sports
Just Dance 2022,2,AAA Medium Graphics
Just Dance 2017,2,AAA Medium Graphics
Just Cause 3 - Sky Fortress,0,AAA High Graphics
Just Cause 3 - Land Mech Assault,0,AAA High Graphics
Just Cause 3 - Bavarium Sea Heist,0,AAA High Graphics
Jotun: Valhalla Edition,1,Easy
Job Simulator: The 2050 Archives,0,AAA High Graphics
JDM Tuner Racing,1,Easy
Jalopy,3,Competitive/E-Sports
Forsaken Fortress Strategy,2,AAA Medium Graphics
Football Manager 2016,1,Easy
Fokus,1,Easy
Flightless,1,Easy
FLAMBERGE,1,Easy
FLAK,1,Easy
FIVE: Guardians of David,3,Competitive/E-Sports
Five Nights at Freddys 3,1,Easy
Fishing Planet,2,AAA Medium Graphics
FortressCraft Evolved,3,Competitive/E-Sports
Crusader Kings II: Byzantine Unit Pack,1,Easy
Crusader Kings II: African Portraits,1,Easy
Crusader Kings II: Dynasty Shields II,1,Easy
Crusader Kings II,1,Easy
Cristiano Ronaldo Freestyle,1,Easy
Lost Planet 2,1,Easy
Corrosion: Cold Winter Waiting,1,Easy
Counter-Strike: Global Offensive,1,Easy
Mafia 2: Joes Adventure,3,Competitive/E-Sports
Mafia 2: Jimmys Vendetta,3,Competitive/E-Sports
Mafia 2,3,Competitive/E-Sports
Mafia 2: Greaser Pack,3,Competitive/E-Sports
Battlefield 4: Second Assault,2,AAA Medium Graphics
Battlefield 4: Naval Strike,2,AAA Medium Graphics
Battlefield 4: Final Stand,2,AAA Medium Graphics
Battlefield 4: Dragons Teeth,2,AAA Medium Graphics
RaceRoom Racing Experience,2,AAA Medium Graphics
Beasts of Prey,2,AAA Medium Graphics
Race The Sun,1,Easy
Pulse Shift,1,Easy
R.I.P.D The Game,3,Competitive/E-Sports
Professional Farmer 2014,3,Competitive/E-Sports
Jack Nicklaus Perfect Golf,2,AAA Medium Graphics
Raceroom:Racing Experience,2,AAA Medium Graphics
iOMoon,0,AAA High Graphics
its always monday,3,Competitive/E-Sports
Initia: Elemental Arena,2,AAA Medium Graphics
Infinite Air with Mark McMorris,2,AAA Medium Graphics
INSIDE,2,AAA Medium Graphics
Infestation: The New Z,2,AAA Medium Graphics
First Assault,2,AAA Medium Graphics
Fire,3,Competitive/E-Sports
Industry Manager Future Simulator,3,Competitive/E-Sports
Iron Fish,2,AAA Medium Graphics
Final Fantasy XIV: Heavensward,2,AAA Medium Graphics
Final Fantasy VI,1,Easy
Final Fantasy V,3,Competitive/E-Sports
Final Fantasy Type-0 HD,2,AAA Medium Graphics
Final Fantasy Pixel Remaster,1,Easy
Infra,1,Easy
Final Fantasy IV: The After Years,3,Competitive/E-Sports
I Am Setsuna,2,AAA Medium Graphics
Cook Serve Delicious!,1,Easy
Committed: Das Geheimnis von Shady Pines,1,Easy
Combat Wings: The Great Battles of World War II,3,Competitive/E-Sports
Commander: The Great War,1,Easy
Batman: Arkham Origins - Cold Cold Heart,2,AAA Medium Graphics
Battle Pong,1,Easy
Battle of Empires : 1914-1918,1,Easy
Barony,1,Easy
Confrontation,3,Competitive/E-Sports
Batman Arkham Origins: Blackgate,2,AAA Medium Graphics
Pro Cycling Manager 2013,3,Competitive/E-Sports
Prime World,3,Competitive/E-Sports
Pro Evolution Soccer 2014,3,Competitive/E-Sports
Primal Fears,3,Competitive/E-Sports
Prius Anima Online,3,Competitive/E-Sports
Pressure,3,Competitive/E-Sports
Prime World: Defenders,3,Competitive/E-Sports
Hyperdimension U Action Unleashed,3,Competitive/E-Sports
Hyperdevotion Noire: Goddess Black Heart,3,Competitive/E-Sports
Hyper Light Drifter,1,Easy
Hunger Dungeon,3,Competitive/E-Sports
Human Fall Flat,3,Competitive/E-Sports
HunieCam Studio,1,Easy
FIFA 16,2,AAA Medium Graphics
Far Cry 4: Hurk Deluxe,2,AAA Medium Graphics
Far Cry 4 - Valley of the Yetis,2,AAA Medium Graphics
Far Cry 4 - Escape From Durgesh Prison,2,AAA Medium Graphics
Fallout 4,0,AAA High Graphics
Hull BreacH,2,AAA Medium Graphics
Hybrid Wars,2,AAA Medium Graphics
Fairy Fencer F,3,Competitive/E-Sports
Kings Bounty: Crossworlds,1,Easy
Combat Mission: Fortress Italy,1,Easy
Combat Mission: Battle For Normandy - Commonwealth Forces,1,Easy
Cognition: An Erica Reed Thriller Episode 1,1,Easy
Close Combat: Panthers in the Fog,3,Competitive/E-Sports
Civilization V: Gods And Kings,3,Competitive/E-Sports
Bardbarian,1,Easy
Banished,3,Competitive/E-Sports
Backstage Press,1,Easy
Cities in Motion: US Cities,1,Easy
Back to Life 3,1,Easy
Back to Life 2,1,Easy
AX:EL,1,Easy
Back to Bed,3,Competitive/E-Sports
Poof vs. The Cursed Kitty,3,Competitive/E-Sports
Polyhegrams,1,Easy
Avoid: Sensory Overload,1,Easy
Poker Night 2,1,Easy
Plazma Being,1,Easy
Pixeljunk Monsters Ultimate,1,Easy
Planetary Annihilation,3,Competitive/E-Sports
House of the Dying Sun,2,AAA Medium Graphics
Hover Junkers,0,AAA High Graphics
Homeworld: Deserts of Kharak,2,AAA Medium Graphics
Fahrenheit: Indigo Prophecy Remastered,3,Competitive/E-Sports
Homefront: The Revolution - The Voice of Freedom,2,AAA Medium Graphics
Homefront: The Revolution - Aftermath,2,AAA Medium Graphics
Evolve,2,AAA Medium Graphics
Evoland 2,3,Competitive/E-Sports
HTC Vive,0,AAA High Graphics
Exoplanet: First Contact,1,Easy
Exanima,2,AAA Medium Graphics
European Ship Simulator,3,Competitive/E-Sports
Europa Universalis IV: El Dorado,1,Easy
Europa Universalis IV: Common Sense,1,Easy
"Hot Dogs, Horseshoes and Hand Grenades",0,AAA High Graphics
Europa Universalis IV: The Cossacks,1,Easy
Just Cause 2,3,Competitive/E-Sports
F1 2015,0,AAA High Graphics
Cities in Motion Design Dreams,1,Easy
Cinders,1,Easy
Chompy Chomp Chomp,1,Easy
Atmospug The Cloud Jumping Dog,1,Easy
Atarjrubah,1,Easy
Chivalry: Medieval Warfare,3,Competitive/E-Sports
Atajrubah,1,Easy
Attractio,3,Competitive/E-Sports
Assassins Creed Liberation HD,3,Competitive/E-Sports
Penny Arcade - Precipice Of Darkness Episode Four,1,Easy
Payday 2,3,Competitive/E-Sports
Assassins Creed: Unity,0,AAA High Graphics
Ascent,1,Easy
Asylum,1,Easy
Homefront: The Revolution,2,AAA Medium Graphics
Hitman: Episode 4 - Bangkok,0,AAA High Graphics
Hitman: Episode 5 - Colorado,0,AAA High Graphics
Hitman: Episode 3 - Marrakesh,0,AAA High Graphics
Hitman: Episode 2 - Sapienza,0,AAA High Graphics
Hitman GO,3,Competitive/E-Sports
Euro Fishing,2,AAA Medium Graphics
Hitman,0,AAA High Graphics
Euclidean,2,AAA Medium Graphics
Etherium,3,Competitive/E-Sports
Hired Ops,2,AAA Medium Graphics
Euro Truck Simulator 2 - Scandinavia,3,Competitive/E-Sports
Esper 2,0,AAA High Graphics
Eron,1,Easy
Ephemerid:A Musical Adventure,1,Easy
Enshrouded World,1,Easy
Endless Sky,1,Easy
Chernobyl Commando,3,Competitive/E-Sports
Chaos on Deponia,1,Easy
Catherine,3,Competitive/E-Sports
Holopoint,0,AAA High Graphics
James Bond: Blood Stone,3,Competitive/E-Sports
Captain Morgane and the Golden Turtle,1,Easy
Carrier Command: Gaea Mission,3,Competitive/E-Sports
ArmA III: Zeus,3,Competitive/E-Sports
Arma III: Helicopters DLC,3,Competitive/E-Sports
Arma III: Karts,3,Competitive/E-Sports
Ascend: Hand of Kul,3,Competitive/E-Sports
ArcheAge,2,AAA Medium Graphics
Path of Exile,1,Easy
Papo and Yo,3,Competitive/E-Sports
Paranautical Activity,1,Easy
Castle Crashers,1,Easy
Call of Duty: Black Ops 2,3,Competitive/E-Sports
Arcadecraft,1,Easy
Patterns,3,Competitive/E-Sports
Papers Please,1,Easy
Panzer Corps: Allied Corps,1,Easy
Hero Generations: ReGen,1,Easy
Heroes and Generals,3,Competitive/E-Sports
Archlord 2,3,Competitive/E-Sports
Arcane Worlds,1,Easy
Endless Legend - Forges of Creation,2,AAA Medium Graphics
Endless Legend: Shadows,2,AAA Medium Graphics
Endless Legend - The Lost Tales,2,AAA Medium Graphics
Hearts of Iron IV: Waking the Tiger,3,Competitive/E-Sports
Endless Legend - Guardians,2,AAA Medium Graphics
Emergency 2016,2,AAA Medium Graphics
High Octane Drift,3,Competitive/E-Sports
Hero Defense - Haunted Island,1,Easy
Elite Dangerous: Horizons,2,AAA Medium Graphics
Elite: Dangerous,2,AAA Medium Graphics
Heroes of Newerth,1,Easy
Cabelas Dangerous Hunts 2013,3,Competitive/E-Sports
C9 Continent of the Ninth Seal,1,Easy
Bullet Run,3,Competitive/E-Sports
Empyrion: Galactic Survival,3,Competitive/E-Sports
Hide and Shriek,3,Competitive/E-Sports
Antisquad,1,Easy
Anomaly Defenders,1,Easy
Aqua Kitty: Milk Mine Defender,1,Easy
Angvik,3,Competitive/E-Sports
Another Perspective,1,Easy
Ancient Space,2,AAA Medium Graphics
Anamnesis,1,Easy
Painkiller: Hell and Damnation - The Clock Strikes Meat Night,3,Competitive/E-Sports
Painkiller: Hell and Damnation,3,Competitive/E-Sports
Among The Sleep,3,Competitive/E-Sports
Panzar: Forged By Chaos,3,Competitive/E-Sports
Pandora: First Contact,3,Competitive/E-Sports
Hearts of Iron IV: Together For Victory,3,Competitive/E-Sports
Pac-Man and the Ghostly Adventures,3,Competitive/E-Sports
Outlast,3,Competitive/E-Sports
Hearts of Iron IV,3,Competitive/E-Sports
Hearthstone - Whispers of the Old Gods,3,Competitive/E-Sports
Hard Reset Redux,3,Competitive/E-Sports
Half-Life: Prospekt,1,Easy
Headlander,3,Competitive/E-Sports
Half dead,2,AAA Medium Graphics
Halo 5: Forge,0,AAA High Graphics
Gunjack,0,AAA High Graphics
Dynasty Warriors 8 Empires,3,Competitive/E-Sports
Halcyon 6,1,Easy
Dying Light - Cuisine and Cargo,0,AAA High Graphics
Dying Light,0,AAA High Graphics
Dustoff Vietnam,1,Easy
Dyscourse,3,Competitive/E-Sports
Dungeons 2,3,Competitive/E-Sports
Dungeonmans,1,Easy
Dungeon Manager ZV,1,Easy
Duke Nukem: Mass Destruction,3,Competitive/E-Sports
Dudebro 2,1,Easy
Heavy Duty,1,Easy
Hearts of iron III: Semper Fi,1,Easy
Haydee,2,AAA Medium Graphics
Brick-Force,1,Easy
Brave: The Video Game,1,Easy
Brand,1,Easy
Botanicula,1,Easy
Bridge Project,1,Easy
Heavy Rain,0,AAA High Graphics
Alien: Isolation,2,AAA Medium Graphics
Borderlands 2: Mr Torgues Campaign of Carnage,3,Competitive/E-Sports
Amazing Frog,1,Easy
Outer Space Exiles,1,Easy
Orion: Dino Horde,3,Competitive/E-Sports
One Nation,1,Easy
Oozi: Earth Adventure,1,Easy
Guilty Gear Xrd -REVELATOR-,2,AAA Medium Graphics
Guards,1,Easy
Grim Dawn,3,Competitive/E-Sports
Grow Up,3,Competitive/E-Sports
Grip,2,AAA Medium Graphics
Grimm: Dark Legacy,3,Competitive/E-Sports
"Gremlins, Inc.",1,Easy
Google Earth VR,0,AAA High Graphics
Duck Game,1,Easy
Drive to Hell,1,Easy
Drive,3,Competitive/E-Sports
Drew and the Floating Labyrinth,1,Easy
one late night,3,Competitive/E-Sports
Omsi 2,1,Easy
Dragons Dogma Online,2,AAA Medium Graphics
Harmageddon,1,Easy
Borderlands 2: Mechromancer,3,Competitive/E-Sports
Halo: Reach,2,AAA Medium Graphics
Borderlands 2,3,Competitive/E-Sports
BoneCraft - Somewhere In Some Galaxy,1,Easy
Guns of Icarus,1,Easy
Blood Bowl: Chaos Edition,1,Easy
Borderlands 2: Captain Scarlett and Her Pirates Booty,3,Competitive/E-Sports
Airship Dragoon,1,Easy
Blades of Time,1,Easy
Age of Wonders 3: Golden Realms,3,Competitive/E-Sports
Age of Wonders 3,3,Competitive/E-Sports
Adventurer Manager,1,Easy
Age of Mythology Extended Edition,1,Easy
Adventurer,1,Easy
Obscure 2013,3,Competitive/E-Sports
Adraiel: Unchained,1,Easy
Bleed,3,Competitive/E-Sports
Omerta: City of Gangsters - The Japanese Incentive,1,Easy
Omerta: City of Gangsters,1,Easy
Olvand,1,Easy
Okyntt,1,Easy
Good Robot,1,Easy
Golf With Your Friends,3,Competitive/E-Sports
Goetia,1,Easy
Nuclear Throne,1,Easy
God Eater 2 Rage Burst,3,Competitive/E-Sports
Gocco Of War,3,Competitive/E-Sports
Goat Simulator: Waste of Space,3,Competitive/E-Sports
Goat Simulator: Payday,3,Competitive/E-Sports
Dragon Quest Heroes,2,AAA Medium Graphics
Dragon Fin Soup,1,Easy
"Dr. Langeskov, The Tiger, and The Terribly Cursed Emerald: A Whirlwind Heist",1,Easy
Ocean City Racing,3,Competitive/E-Sports
Dragon Age: Inquisition - Trespasser,2,AAA Medium Graphics
Dragon Age: Inquisition - The Descent,2,AAA Medium Graphics
Dragon Age 3: Inquisition - Jaws of Hakkon,2,AAA Medium Graphics
Down to One,1,Easy
Goliath,3,Competitive/E-Sports
GoNNER,1,Easy
Dragon Ball Xenoverse,3,Competitive/E-Sports
Doom.exe,1,Easy
Gloria Victis,2,AAA Medium Graphics
Grotesque Tactics: Evil Heroes,1,Easy
Grepolis,1,Easy
Grand Theft Auto IV: The Lost and Damned,3,Competitive/E-Sports
GTA IV - Episodes From Liberty City,3,Competitive/E-Sports
Doom & Destiny Advanced,3,Competitive/E-Sports
Blacklight: Retribution,3,Competitive/E-Sports
Black Mesa,0,AAA High Graphics
ACE: Arena Cyber Evolution,1,Easy
Abyss Odyssey,3,Competitive/E-Sports
Binding Of Isaac: Wrath Of The Lamb,1,Easy
Noire,1,Easy
Abomination Tower,1,Easy
Abalone,1,Easy
A-Men,1,Easy
A Story About My Uncle,1,Easy
Not The Robots,1,Easy
Northern Tale 2,1,Easy
Nicole,1,Easy
Binary Domain,3,Competitive/E-Sports
Ginger: Beyond The Crystal,3,Competitive/E-Sports
Ghost Of A Tale,2,AAA Medium Graphics
Dragomon Hunter,1,Easy
Ghostbusters 2016,2,AAA Medium Graphics
Genital Jousting,3,Competitive/E-Sports
Gemini Heroes Reborn,2,AAA Medium Graphics
Gears of War: Ultimate Edition,0,AAA High Graphics
Divinity: Original Sin Enhanced Edition,3,Competitive/E-Sports
Disposable Heroes,3,Competitive/E-Sports
DISTRAINT,1,Easy
Dispatcher,2,AAA Medium Graphics
Disorder,1,Easy
Dog Up: An Endless Arcade Travel,1,Easy
Disney Infinity 3,3,Competitive/E-Sports
Disk Monsters,1,Easy
Get Rich or Die Gaming,1,Easy
Ninja Gaiden 3,3,Competitive/E-Sports
Future Wars,1,Easy
BeGone,1,Easy
Battlefield 3: Close Quarters,3,Competitive/E-Sports
Giant Machines 2017,2,AAA Medium Graphics
Battlefield 3: Armored Kill,3,Competitive/E-Sports
Battlefield 3: Aftermath,3,Competitive/E-Sports
Battlefield 3 Premium,3,Competitive/E-Sports
A Bird Story,1,Easy
99 Levels To Hell,3,Competitive/E-Sports
8BitBoy,1,Easy
4PM,1,Easy
3089,1,Easy
1849,1,Easy
1954 Alcatraz,1,Easy
Neverwinter,3,Competitive/E-Sports
A Golden Wake,1,Easy
Need For Speed: Rivals,2,AAA Medium Graphics
Need For Speed: Most Wanted 2 Terminal Velocity,3,Competitive/E-Sports
Need For Speed: Most Wanted 2 Movie Legends,3,Competitive/E-Sports
Neptunes Pride II: Triton,1,Easy
Gears of War 4,2,AAA Medium Graphics
Need For Speed: Most Wanted 2 Heroes,3,Competitive/E-Sports
Galactic Civilizations III: Mercenaries,3,Competitive/E-Sports
Franchise Hockey Manager 3,3,Competitive/E-Sports
Dirty Bomb,3,Competitive/E-Sports
Futuridium,3,Competitive/E-Sports
Dire Legend I: The Lost Dragon,1,Easy
DIGHARD: CRISIS,1,Easy
Dfragmente,1,Easy
Devilian,3,Competitive/E-Sports
Gal Gun: Double Peace,2,AAA Medium Graphics
Battle for Graxia,1,Easy
Battle Nations,1,Easy
Battle Cubes,1,Easy
Barbarian,1,Easy
BANZAI PECAN: The Last Hope For The Young Century,1,Easy
Furi,2,AAA Medium Graphics
Bang Bang Racing,1,Easy
10 Second Ninja,1,Easy
Batman Arkham City: Harley Quinns Revenge,3,Competitive/E-Sports
Naruto Ultimate Ninja Storm 3 Full Burst,3,Competitive/E-Sports
NASCAR The Game 2013,3,Competitive/E-Sports
NarcoGuerra,1,Easy
Fractured Space,3,Competitive/E-Sports
Fragmented,0,AAA High Graphics
Fracture the Flag,3,Competitive/E-Sports
Firewatch,3,Competitive/E-Sports
NBA 2K14,1,Easy
Devil May Cry 4: Special Edition,3,Competitive/E-Sports
Final Fantasy XV,0,AAA High Graphics
Forza Motorsport 6: Apex,0,AAA High Graphics
Destination Sol,1,Easy
Descent: Underground,2,AAA Medium Graphics
Forza Horizon 3,0,AAA High Graphics
Forced Showdown,2,AAA Medium Graphics
DeltaOne,1,Easy
Football Manager 2017,3,Competitive/E-Sports
Decay: The Mare,1,Easy
Final Fantasy XIII,3,Competitive/E-Sports
Final Fantasy XIV Online,3,Competitive/E-Sports
Fifa Manager 11,1,Easy
FIFA 2011,3,Competitive/E-Sports
Babel Rising,1,Easy
Nameless,1,Easy
Five Nights at Freddys: Sister Location,1,Easy
Mythrai,1,Easy
MUD: FIM Motocross World Championship,1,Easy
Mystery Castle,1,Easy
Final Fantasy X / X-2 HD Remaster,3,Competitive/E-Sports
FIFA 17,2,AAA Medium Graphics
Mount Your Friends,1,Easy
Fernbus Simulator,2,AAA Medium Graphics
MotoGP13,3,Competitive/E-Sports
Final Fantasy IX,3,Competitive/E-Sports
Final Approach,0,AAA High Graphics
Farming Simulator 17,3,Competitive/E-Sports
Farm Expert 2017,2,AAA Medium Graphics
Far Cry: Primal,0,AAA High Graphics
Fear for Sale: The Dusk Wanderer Collector's Edition,1,Easy
Feel The Snow,1,Easy
Deathfire,3,Competitive/E-Sports
Dead Synchronicity: Tomorrow Comes Today,3,Competitive/E-Sports
Dead Realm,2,AAA Medium Graphics
Deathtrap,3,Competitive/E-Sports
Dead Or Alive 5 Last Round,2,AAA Medium Graphics
Dead Island: Epidemic,3,Competitive/E-Sports
Dead Darkness,1,Easy
Death Cabin,1,Easy
Dawn of the Plow,1,Easy
Data Hacker: Reboot,1,Easy
Farming Simulator 2011,1,Easy
Fallout: New Vegas,3,Competitive/E-Sports
Montagues Mount,3,Competitive/E-Sports
F1 2010,1,Easy
Monaco,1,Easy
Fallout Shelter,3,Competitive/E-Sports
Fallout 4 - Wasteland Workshop,0,AAA High Graphics
Fallout 4 - Nuka World,0,AAA High Graphics
Fantastic Contraption,0,AAA High Graphics
Fallout 4 - Far Harbor,0,AAA High Graphics
Fallout 4 - Vault-Tec Workshop,0,AAA High Graphics
Darksiders II: Deathinitive Edition,3,Competitive/E-Sports
Damnation City of Death,1,Easy
Dark Souls 2: Scholar of the First Sin,2,AAA Medium Graphics
D4,2,AAA Medium Graphics
Dark Gates,1,Easy
Auto Club Revolution,3,Competitive/E-Sports
MirrorMoon EP,1,Easy
Miner Wars,1,Easy
Might and Magic: Duel Of Champions,1,Easy
Might and Magic Heroes VI: Shades of Darkness,1,Easy
Metro: Last Light - Faction Pack,3,Competitive/E-Sports
Metro: Last Light - Tower Pack,3,Competitive/E-Sports
Fallout 4 - Automatron,0,AAA High Graphics
Factorio,1,Easy
Fallout 4 - Contraptions Workshop,0,AAA High Graphics
Everybodys Gone to the Rapture,2,AAA Medium Graphics
F1 2016,0,AAA High Graphics
EVERSPACE,2,AAA Medium Graphics
Crystal Catacombs,1,Easy
Cryptark,3,Competitive/E-Sports
D.R.A.P.,1,Easy
Cyclone,1,Easy
Crypt of the NecroDancer,1,Easy
Crusaders of the Lost Idols,1,Easy
Crusader Kings II: Horse Lords,1,Easy
Crossfire Europe,1,Easy
Fall of Freya,2,AAA Medium Graphics
Assassins Creed: Revelations The Lost Archive,3,Competitive/E-Sports
Assassins Creed: Revelations - Mediterranean Traveller,3,Competitive/E-Sports
Assassins Creed 3,3,Competitive/E-Sports
Metro: Last Light - Chronicles Pack,3,Competitive/E-Sports
Army Rage,1,Easy
Metro: Last Light - Developer Pack,3,Competitive/E-Sports
Metro: Last Light,3,Competitive/E-Sports
Mercenary Kings,1,Easy
Megabyte Punch,3,Competitive/E-Sports
Max Payne 3: Deathmatch Made in Heaven,2,AAA Medium Graphics
Memoria,1,Easy
Euro Truck Simulator 2 - Vive La France,3,Competitive/E-Sports
Event 0,0,AAA High Graphics
EVE: Valkyrie,0,AAA High Graphics
Metal Gear Rising: Revengeance,2,AAA Medium Graphics
Escape from Tarkov,2,AAA Medium Graphics
Crookz,3,Competitive/E-Sports
EPOCH,3,Competitive/E-Sports
Epistory: Typing chronicles,1,Easy
Cosmic Highway,1,Easy
Convoy,1,Easy
Concrete Jungle,3,Competitive/E-Sports
CortexGear:AngryDroids,1,Easy
Event[0],0,AAA High Graphics
Even the Ocean,3,Competitive/E-Sports
Driving Speed 2,1,Easy
Dragons Lair,3,Competitive/E-Sports
Creepy Castle,1,Easy
Cradle,3,Competitive/E-Sports
Dragon Age: Origins - Witch Hunt,3,Competitive/E-Sports
Anno 2070: The Eden,3,Competitive/E-Sports
Arctic Combat,3,Competitive/E-Sports
Arma 2: Army of the Czech Republic,3,Competitive/E-Sports
Anno 2070: The Development,3,Competitive/E-Sports
Anno 2070: Financial Crisis,3,Competitive/E-Sports
Anno 2070: Deep Ocean,3,Competitive/E-Sports
Master Reboot,3,Competitive/E-Sports
Mauv,1,Easy
Mass Effect 3: Citadel,3,Competitive/E-Sports
Marvel Heroes,3,Competitive/E-Sports
Escape the Game,1,Easy
Endless Legend: Tempest,2,AAA Medium Graphics
Mars: War Logs,3,Competitive/E-Sports
Enter the Gungeon,3,Competitive/E-Sports
Endless Legend: Shifters,2,AAA Medium Graphics
Emergency Call 112 - The Fire Fighting Simulation,3,Competitive/E-Sports
Combat Extreme 2.0,1,Easy
Company of Heroes 2: The British Forces,3,Competitive/E-Sports
Combat Monsters,1,Easy
Coffin Dodgers,3,Competitive/E-Sports
Enderal,3,Competitive/E-Sports
EmergeNYC,0,AAA High Graphics
CodeSpells,2,AAA Medium Graphics
Codename CURE,1,Easy
Dragon Age: Origins - Return To Ostagar,3,Competitive/E-Sports
Dragon Age: Origins - Golems of Amgarrak,3,Competitive/E-Sports
Coaster Park Tycoon,3,Competitive/E-Sports
ClusterPuck 99,1,Easy
Dragon Age: Origins - Lelianas Song,3,Competitive/E-Sports
Dragon Age: Origins - Darkspawn Chronicles,3,Competitive/E-Sports
Dragon Age: Origins - Awakening,3,Competitive/E-Sports
Doc Clock: The Toasted Sandwich of Time,1,Easy
Angry Birds Space,1,Easy
All Zombies Must Die!,1,Easy
Marlow Briggs And The Mask Of Death,3,Competitive/E-Sports
March of war,1,Easy
March Of The Eagles,1,Easy
Anna,1,Easy
Eisenhorn: XENOS,2,AAA Medium Graphics
Magician and Looters,1,Easy
Magic : The Gathering - Duels Of The Planeswalkers 2014,1,Easy
Ecotone,3,Competitive/E-Sports
Magrunner,3,Competitive/E-Sports
Earth Defense Force 4.1 The Shadow of New Despair,2,AAA Medium Graphics
Edge of Nowhere,0,AAA High Graphics
Club Manager 2016,1,Easy
Eagle Flight,0,AAA High Graphics
Dying Light: The Following,0,AAA High Graphics
Duskers,1,Easy
Dungeon Rats,3,Competitive/E-Sports
Duke Nukem 3D: 20th Anniversary World Tour,3,Competitive/E-Sports
Clicker Heroes,1,Easy
Cliffs of War: Fortress Defenders,1,Easy
Earthlock: Festival of Magic,2,AAA Medium Graphics
Civilization: Beyond Earth - Rising Tide,3,Competitive/E-Sports
Civilization Online,3,Competitive/E-Sports
Cloudrift,3,Competitive/E-Sports
Cityconomy,0,AAA High Graphics
Clandestine,2,AAA Medium Graphics
Cities: Skylines - After Dark,2,AAA Medium Graphics
Divinity 2: Flames Of Vengence,3,Competitive/E-Sports
Dive To the Titanic: The Diving Simulator,1,Easy
Alan Wakes American Nightmare,3,Competitive/E-Sports
Airline Tycoon 2 Honey Airlines,1,Easy
AirMech,1,Easy
Machines At War 3,1,Easy
Airline Tycoon 2: Falcon Lines,1,Easy
Air Conflicts Pacific Carriers,1,Easy
Luxuria Superbia,1,Easy
Lune,1,Easy
Lumber Island,3,Competitive/E-Sports
Lords of the Black Sun,3,Competitive/E-Sports
Lost Sector Online,3,Competitive/E-Sports
Lost Planet 3,3,Competitive/E-Sports
Lords Of Football,3,Competitive/E-Sports
Dragon Front,0,AAA High Graphics
London Faversham High Speed,3,Competitive/E-Sports
Dragon Ball Xenoverse 2,2,AAA Medium Graphics
Dropzone,3,Competitive/E-Sports
Doom 4: Unto the Evil,0,AAA High Graphics
Doom 4: Hell Followed,0,AAA High Graphics
Don Bradman Cricket 17,3,Competitive/E-Sports
Doom 4,0,AAA High Graphics
Cities: Skylines,2,AAA Medium Graphics
Cities XXL,3,Competitive/E-Sports
Chime Sharp,2,AAA Medium Graphics
Chaos Ride,1,Easy
Chainsaw Warrior: Lords of the Night,1,Easy
Castle in The Darkness,1,Easy
Castaway Paradise,1,Easy
Ceres,2,AAA Medium Graphics
Dovetail Games Flight School,3,Competitive/E-Sports
Decisive Campaigns: The Blitzkrieg from Warsaw to Paris,1,Easy
DoDonPachi Resurrection ver 1.5,3,Competitive/E-Sports
Zombusters,1,Easy
Zeit Squared,1,Easy
Zigfrak,1,Easy
Adams Venture 3: Revelations,1,Easy
Adventures of Shuggy,1,Easy
Aion: Ascension,3,Competitive/E-Sports
Air Buccaneers HD,3,Competitive/E-Sports
Ace of Spades,1,Easy
Achtung Panzer: Operation Star - Sokolovo 1943,1,Easy
Aaron Crane: Paintings Come Alive,1,Easy
Leviathan Warships,3,Competitive/E-Sports
Lock On Flaming Cliffs 3,3,Competitive/E-Sports
Leisure Suit Larry: Reloaded,1,Easy
Lego City Undercover,2,AAA Medium Graphics
Lilly Looking Through,1,Easy
Lego: Marvel Super Heroes,1,Easy
Dishonored II,0,AAA High Graphics
Digimon Masters Online,1,Easy
Legends of Eisenwald,1,Easy
Disgaea PC,2,AAA Medium Graphics
Lego: Batman 2 - DC Super Heroes,1,Easy
Dirt Rally,0,AAA High Graphics
Devil Daggers,1,Easy
Caribbean Odyssey,2,AAA Medium Graphics
Car Mechanic Simulator 2015,2,AAA Medium Graphics
Deus Ex: Mankind Divided - System Rift,0,AAA High Graphics
CARTONEROS,1,Easy
Caribbean,3,Competitive/E-Sports
Carnivores: Dinosaur Hunter Reborn,3,Competitive/E-Sports
Call of Duty: Black Ops 3,2,AAA Medium Graphics
Dead Rising 2,3,Competitive/E-Sports
Dawn of War II - Chaos Rising,1,Easy
X3: Albion Prelude,1,Easy
Dexed,2,AAA Medium Graphics
XIII: Lost Identity,1,Easy
Xotic,3,Competitive/E-Sports
Darksiders,1,Easy
A Virus Named Tom,1,Easy
A.I. War: Ancient Shadows,1,Easy
A Virus Named TOM: Winter Wonderland,1,Easy
A Sirius Game,1,Easy
A Game Of Thrones: Beyond The Wall,3,Competitive/E-Sports
A Game Of Thrones,3,Competitive/E-Sports
Legends Of Aethereus,3,Competitive/E-Sports
Legends of Dawn,3,Competitive/E-Sports
League of Light: Dark Omens Collectors Edition,1,Easy
Legend of Dungeon,1,Easy
Knights Of Pen And Paper,1,Easy
Deus Ex: Mankind Divided,0,AAA High Graphics
Last Knight,1,Easy
Knock-Knock,1,Easy
Deponia Doomsday,3,Competitive/E-Sports
Demolish and Build Company 2017,2,AAA Medium Graphics
Dear Esther: Landmark Edition,1,Easy
Dead Star,3,Competitive/E-Sports
Dead Secret,2,AAA Medium Graphics
DEADBOLT,1,Easy
Dead Rising Remastered,2,AAA Medium Graphics
Dead Rising 4,0,AAA High Graphics
Caffeine,2,AAA Medium Graphics
CaesarIA,1,Easy
C-Ball,1,Easy
Cahors Sunset,1,Easy
Bulb Boy,3,Competitive/E-Sports
Burstfire,0,AAA High Graphics
Crayola Art Studio,1,Easy
WTCC 2010,1,Easy
WRC 2: FIA World Rally Championship,3,Competitive/E-Sports
Worms: Ultimate Mayhem,1,Easy
World of Tanks,3,Competitive/E-Sports
World Gone Sour,1,Easy
1931: Scheherazade at the Library of Pergamum,1,Easy
Kinetic Void,3,Competitive/E-Sports
Kingdoms Rise,3,Competitive/E-Sports
Worms Crazy Golf,1,Easy
Killer is Dead,2,AAA Medium Graphics
Killer Instinct,2,AAA Medium Graphics
Kairo,3,Competitive/E-Sports
Dead Island Riptide Definitive Edition,0,AAA High Graphics
7554,3,Competitive/E-Sports
Dead Island Definitive Edition,0,AAA High Graphics
Dead Effect 2,0,AAA High Graphics
Dead Age,2,AAA Medium Graphics
Borts Bender,1,Easy
Day of the Tentacle Remastered,1,Easy
Day of Infamy,2,AAA Medium Graphics
Bocce Revolution,1,Easy
Blood Bowl 2: Wood Elves,3,Competitive/E-Sports
Blood Bowl 2: Undead,3,Competitive/E-Sports
3079,1,Easy
1953: KGB Unleashed,3,Competitive/E-Sports
Continents,1,Easy
Woodcutter Simulator 2011,1,Easy
Dead by Daylight,2,AAA Medium Graphics
Dead by Daylight: The Halloween Chapter,2,AAA Medium Graphics
Wittard: Nemesis of Ragnarok,1,Easy
Wildlife Park Tycoon,1,Easy
Just Cause 2: Multiplayer Mod,3,Competitive/E-Sports
Journey of a Roach,1,Easy
Dead by Daylight - The Bloodstained Sack,2,AAA Medium Graphics
Johnny Horror,1,Easy
Jack Lumber,1,Easy
Dark Souls 3 - Ashes of Ariandel,2,AAA Medium Graphics
Jamsouls,1,Easy
Darksiders Warmastered Edition,3,Competitive/E-Sports
Darkest Dungeon,1,Easy
Dark Quest 2,1,Easy
Danganronpa: Trigger Happy Havoc,3,Competitive/E-Sports
Dark Souls 3,0,AAA High Graphics
Danganronpa 2: Goodbye Despair,3,Competitive/E-Sports
Blood Bowl 2: Norse,3,Competitive/E-Sports
Blood Bowl 2: Necromantic,3,Competitive/E-Sports
Blood Bowl 2,3,Competitive/E-Sports
Blood Bowl 2: Lizardmen,3,Competitive/E-Sports
Blackmoor Bay,1,Easy
Clones,1,Easy
Dangerous Golf,2,AAA Medium Graphics
Dawn Of Andromeda,2,AAA Medium Graphics
Civilization V - Mesopotamia,3,Competitive/E-Sports
Blockstorm,3,Competitive/E-Sports
Civilization V - Spain and Inca,3,Competitive/E-Sports
Civilization V - Korea,3,Competitive/E-Sports
Civilization V - Mediterranean,3,Competitive/E-Sports
Civilization V - Babylon,3,Competitive/E-Sports
Blaster Shooter Gunguy!,3,Competitive/E-Sports
Civilization V - Asia,3,Competitive/E-Sports
Jack Keane 2 - The Fire Within,1,Easy
Iron Soul,3,Competitive/E-Sports
Warhammer 40000: Space Marine: Salamanders Chapter Skin,3,Competitive/E-Sports
Ironclad Tactics,1,Easy
Interstellar Marines,3,Competitive/E-Sports
Inverto,1,Easy
International Snooker,1,Easy
Warhammer 40000: Space Marine: Legion of the Damned Chapter Skin,3,Competitive/E-Sports
Warhammer 40000: Space Marine: Alpha Legion Chapter Skin,3,Competitive/E-Sports
INSURGENCY,3,Competitive/E-Sports
Injustice: Gods Among Us Ultimate Edition,3,Competitive/E-Sports
Crush Crush,1,Easy
Crossout,3,Competitive/E-Sports
Cowbots And Aliens,0,AAA High Graphics
Cossacks 3,2,AAA Medium Graphics
Corrupt Cup Contest,1,Easy
Crashlands,1,Easy
Bitardia,3,Competitive/E-Sports
blackguards 2,3,Competitive/E-Sports
Corpse Party,1,Easy
Civilization V - Americas,3,Competitive/E-Sports
Crush Online,3,Competitive/E-Sports
Black Men,1,Easy
Black Annex,1,Easy
Black Island,3,Competitive/E-Sports
Crimson Desert,0,AAA High Graphics
Bionicle: Okoto Online,1,Easy
Civilization V,3,Competitive/E-Sports
Black & White Bushido,1,Easy
Warhammer 40000: Space Marine Chaos Unleashed,1,Easy
WarBirds 2012,1,Easy
Cities XL 2011,1,Easy
Warhammer 40000: Space Marine,3,Competitive/E-Sports
InFlux,1,Easy
Infernal Underground,1,Easy
Big Pharma,3,Competitive/E-Sports
Castle Escape,1,Easy
War INC Battlezone,3,Competitive/E-Sports
Indiemon : Earth Nation,1,Easy
Impire,3,Competitive/E-Sports
Colosse,0,AAA High Graphics
Big Journey to Home,1,Easy
Bierzerkers,3,Competitive/E-Sports
Bezier,1,Easy
Beyond Eyes,3,Competitive/E-Sports
Iesabel,3,Competitive/E-Sports
Crazy Machines 3,2,AAA Medium Graphics
Conception II: Children of the Seven Stars,2,AAA Medium Graphics
IHF Handball Challenge 13,3,Competitive/E-Sports
Besiege,3,Competitive/E-Sports
Combat core,3,Competitive/E-Sports
Before,1,Easy
Ben and Ed,3,Competitive/E-Sports
Cornerstone: The Song of Tyrim,3,Competitive/E-Sports
BeamNG.drive,2,AAA Medium Graphics
BeamNG.drive,2,AAA Medium Graphics
BeamNG.drive,0,AAA High Graphics
BeamNG.drive,0,AAA High Graphics
Clustertruck,3,Competitive/E-Sports
Call of Duty 7: Black Ops,3,Competitive/E-Sports
Build-a-lot: The Elizabethan Era,1,Easy
Vindictus,1,Easy
Virtua Tennis 4,1,Easy
Huntsman: The Orphanage,3,Competitive/E-Sports
Humans Must Answer,1,Easy
Hotline Miami,1,Easy
How To Survive,1,Easy
Cmoar VR Cinema,0,AAA High Graphics
City Car Driving,3,Competitive/E-Sports
Citalis,3,Competitive/E-Sports
Cities: Skylines - Snowfall,2,AAA Medium Graphics
Cloudlands: VR Minigolf,0,AAA High Graphics
Cities: Skylines - Natural Disasters,2,AAA Medium Graphics
Battle Battalions,3,Competitive/E-Sports
Batman: Arkham Knight - WayneTech Track Pack,2,AAA Medium Graphics
Batman: Arkham Knight - Red Hood Story Pack,2,AAA Medium Graphics
Batman: Arkham Knight - Harley Quinn Story Pack,2,AAA Medium Graphics
Batman: Arkham Knight - GCPD Lockdown,2,AAA Medium Graphics
Blur,1,Easy
Battlefield: Hardline,2,AAA Medium Graphics
Civilization VI,2,AAA Medium Graphics
Unity of Command,1,Easy
Unepic,1,Easy
Underground Construction Simulator,1,Easy
Two Worlds 2: Pirates Of The Flying Fortress,3,Competitive/E-Sports
Two Worlds 2: Castle Defense,1,Easy
Horizon,1,Easy
Ultimate Marvel vs Capcom 3,3,Competitive/E-Sports
Highborn,3,Competitive/E-Sports
Hexodius,3,Competitive/E-Sports
Champions of Anteria,2,AAA Medium Graphics
Chasing Dead,2,AAA Medium Graphics
Heavyweight Transport Simulator 3,1,Easy
Carmageddon: Max Damage,2,AAA Medium Graphics
Budget Cuts,0,AAA High Graphics
Cant Drive This,3,Competitive/E-Sports
Batman: Arkham Knight - Crime Fighter Challenge Pack 5,2,AAA Medium Graphics
Batman: Arkham Knight - Crime Fighter Challenge Pack 4,2,AAA Medium Graphics
Batman: Arkham Knight - Crime Fighter Challenge Pack 3,2,AAA Medium Graphics
Batman: Arkham Knight - Crime Fighter Challenge Pack 1,2,AAA Medium Graphics
Batman: Arkham Knight,2,AAA Medium Graphics
Batman: Arkham Knight - Batgirl: A Matter of Family,0,AAA High Graphics
Bus Simulator 16,2,AAA Medium Graphics
Bullshot,3,Competitive/E-Sports
Batman: Arkham Knight - Crime Fighter Challenge Pack 2,2,AAA Medium Graphics
Batman Arkham Knight - Season of Infamy Most Wanted,2,AAA Medium Graphics
Batman: Arkham Knight - Catwoman's Revenge,2,AAA Medium Graphics
Bioshock 2,1,Easy
Barter Empire,1,Easy
Call of Duty: Infinite Warfare,2,AAA Medium Graphics
Two Worlds 2,3,Competitive/E-Sports
Tropico 4: Junta Military,3,Competitive/E-Sports
Tropico 4 Plantador Production DLC,3,Competitive/E-Sports
Tropico 4,3,Competitive/E-Sports
Cat Simulator,1,Easy
Trine 2,1,Easy
Hate Plus,1,Easy
GunSwords,1,Easy
Halo : Spartan Assault,1,Easy
Breached,3,Competitive/E-Sports
Hammerwatch,1,Easy
Blue Sheep,3,Competitive/E-Sports
Black Sand Drift,1,Easy
Guns and Robots,1,Easy
Bitmaster,2,AAA Medium Graphics
Bit Blaster XL,3,Competitive/E-Sports
BioShock™ 2 Remastered,2,AAA Medium Graphics
Gunpoint,1,Easy
Blade and Soul,3,Competitive/E-Sports
Barbarian Brawl,1,Easy
Black Desert Online,0,AAA High Graphics
BioShock™ Remastered,2,AAA Medium Graphics
Baby Fights,1,Easy
Axiom Verge,1,Easy
Brigador,1,Easy
Aware,1,Easy
Aveyond: The Lost Orb,1,Easy
Avernum 2: Crystal Souls,1,Easy
Automation: The Car Company Tycoon Game,3,Competitive/E-Sports
Audiosurf 2,1,Easy
Astray,1,Easy
Bayonetta,2,AAA Medium Graphics
Battlefield Bad Company 2: Vietnam,3,Competitive/E-Sports
Balrum,1,Easy
Battlefield Bad Company 2,3,Competitive/E-Sports
Battle of the Immortals,1,Easy
Back To The Future: Part 1,1,Easy
Assassins Creed 2,3,Competitive/E-Sports
Train Simulator 2012: Horseshoe Curve,1,Easy
Train Simulator 2012: GWR King Add-On,1,Easy
Train Simulator 2012 Donner Pass: Southern Pacific,1,Easy
Train Simulator 2012,1,Easy
Trackmania II,1,Easy
Traffic Manager,1,Easy
Total War SHOGUN 2: The Hattori Clan Pack,3,Competitive/E-Sports
Guardians of Middle-Earth,3,Competitive/E-Sports
Gun Monkeys,1,Easy
Train Simulator 2012: Class 33 Add-On,1,Easy
Total War SHOGUN 2: The Blood Pack,3,Competitive/E-Sports
Guncraft,1,Easy
Grid Racedriver 2,3,Competitive/E-Sports
Graviteam Tactics: Shield Prophet,1,Easy
Gratuitous Space Battles: The Outcasts,1,Easy
Gravi,1,Easy
Beyond The Destiny,2,AAA Medium Graphics
Bear With Me,1,Easy
Battlefield 1,0,AAA High Graphics
Battlefleet Gothic: Armada,2,AAA Medium Graphics
Asteroids: Outpost,2,AAA Medium Graphics
Battle Islands: Commanders,3,Competitive/E-Sports
Assassins Creed: Unity - Dead Kings,0,AAA High Graphics
Assault Android Cactus,3,Competitive/E-Sports
Assassins Creed: Rogue,3,Competitive/E-Sports
Guacamelee!,1,Easy
Ascendant,3,Competitive/E-Sports
Arson and Plunder: Unleashed,3,Competitive/E-Sports
Assassins Creed: Syndicate,2,AAA Medium Graphics
Assassins Creed Chronicles: China,3,Competitive/E-Sports
Arms Dealer,3,Competitive/E-Sports
Battlefield: Bad Company 3,0,AAA High Graphics
Assassins Creed: Syndicate - Jack the Ripper,0,AAA High Graphics
Artemis Spaceship Bridge Simulator,1,Easy
BioShock: The Collection,2,AAA Medium Graphics
Battleborn,3,Competitive/E-Sports
Beholder,3,Competitive/E-Sports
Arma II: Private Military Company,3,Competitive/E-Sports
Arma II: Operation Arrowhead,3,Competitive/E-Sports
Arma II: British Armed Forces,3,Competitive/E-Sports
Arcania: A Gothic Tale,3,Competitive/E-Sports
Tiger Woods PGA Tour 12: The Masters,1,Easy
Goodbye Deponia,1,Easy
Gone Home,1,Easy
Batman: A Telltale Game Series - Episode 4: Guardian of Gotham,2,AAA Medium Graphics
Batman: A Telltale Game Series - Episode 3: New World Order,2,AAA Medium Graphics
God Mode,3,Competitive/E-Sports
Batman: A Telltale Game Series - Episode 5: City of Light,2,AAA Medium Graphics
Grand Theft Auto V,2,AAA Medium Graphics
Awkward Dimensions Redux,3,Competitive/E-Sports
Godus,1,Easy
Batman: A Telltale Game Series - Episode 1: Realm of Shadows,2,AAA Medium Graphics
Apotheon,3,Competitive/E-Sports
Armikrog,1,Easy
Angels That Kill,1,Easy
Apollo4X,1,Easy
Anoxemia,1,Easy
AnimalAlbum,1,Easy
Arma III: Marksmen DLC,3,Competitive/E-Sports
Anno 2205,2,AAA Medium Graphics
Angry Arrows,3,Competitive/E-Sports
APB,3,Competitive/E-Sports
Awesomenauts: Overdrive Expansion,1,Easy
Armored Warfare,3,Competitive/E-Sports
Armello,3,Competitive/E-Sports
Amnesia: The Dark Descent,1,Easy
Alpha Protocol,1,Easy
Aliens vs Predator,1,Easy
The Witcher II,3,Competitive/E-Sports
The Sparkle 2: EVO,1,Easy
Theatre of War 3: Korea,3,Competitive/E-Sports
The Snowfield,3,Competitive/E-Sports
The Sims Medieval,1,Easy
The Sims Medieval: Pirates and Nobles,1,Easy
Giana Sisters: Twisted Dreams,3,Competitive/E-Sports
Gimbal,3,Competitive/E-Sports
Giana Sisters: Twisted Dreams - Rise of the Owlverlord,3,Competitive/E-Sports
Gas Guzzlers Extreme,3,Competitive/E-Sports
Automobilista,3,Competitive/E-Sports
Attack on Titan - Episode 3,2,AAA Medium Graphics
Attack on Titan - Episode 2,2,AAA Medium Graphics
Astroflux,1,Easy
Astroneer,0,AAA High Graphics
Angels Fall First,1,Easy
Attack on Titan - Episode 1,2,AAA Medium Graphics
Garfield Kart,1,Easy
Ancestory,3,Competitive/E-Sports
Assault Squad 2: Men of War Origins,3,Competitive/E-Sports
Anastasiya,1,Easy
Among Ripples,1,Easy
Alphadia,1,Easy
Americas Army Proving Grounds,2,AAA Medium Graphics
Alone in the Dark: Illumination,2,AAA Medium Graphics
Alien: Isolation - Safe Haven,2,AAA Medium Graphics
Attack on Titan / A.O.T. Wings of Freedom,2,AAA Medium Graphics
Atlas Reactor,2,AAA Medium Graphics
Alien Breed Impact,1,Easy
The Lord of the Rings: War in the North,3,Competitive/E-Sports
The King of Fighters XIII,3,Competitive/E-Sports
The Lord of The Rings Online: Rise of Isengard,1,Easy
Gardens Inc.: From Rakes to Riches,1,Easy
Game Dev Tycoon,1,Easy
Galaxy Wars,1,Easy
Galactic Arms Race,1,Easy
Full Mojo Rampage,3,Competitive/E-Sports
Ashes of the Singularity: Escalation,0,AAA High Graphics
Ashes of the Singularity,0,AAA High Graphics
Assassins Creed Chronicles: Russia,3,Competitive/E-Sports
Arma III Apex,3,Competitive/E-Sports
ARK: Survival Of The Fittest,0,AAA High Graphics
Asemblance,2,AAA Medium Graphics
ARK: Scorched Earth,2,AAA Medium Graphics
Arizona Sunshine,0,AAA High Graphics
Agarest: Generations of War 2,1,Easy
Akibas Trip: Undead And Undressed,2,AAA Medium Graphics
Age of Empires II HD: The African Kingdoms,1,Easy
Absolute Drift,3,Competitive/E-Sports
Akuatica,1,Easy
Afro Samurai 2: Revenge of Kuma,1,Easy
Act Of Aggression,2,AAA Medium Graphics
ARSLAN: THE WARRIORS OF LEGEND,2,AAA Medium Graphics
Alan Wake,3,Competitive/E-Sports
Achtung Panzer: Kharkov 1943,1,Easy
Age of Conan: Rise Of The Godslayer,3,Competitive/E-Sports
The Earth Defense Force: Insect Armageddon,3,Competitive/E-Sports
The Cursed Crusade,1,Easy
The Cursed,1,Easy
The Elder Scrolls V,3,Competitive/E-Sports
Foul Play,1,Easy
The Book of Unwritten Tales,1,Easy
Forced,3,Competitive/E-Sports
Formula Truck 2013,1,Easy
Folk Tale,3,Competitive/E-Sports
Forge Quest,1,Easy
FootLOL: Epic Fail League,1,Easy
Football Manager 2014,1,Easy
Ares Omega,3,Competitive/E-Sports
Araya,0,AAA High Graphics
Aragami,3,Competitive/E-Sports
Andromedum,0,AAA High Graphics
Allumette,0,AAA High Graphics
American Truck Simulator 2015,2,AAA Medium Graphics
Flashback,1,Easy
Fist Puncher,1,Easy
Aarus Awakening,1,Easy
Abducted,1,Easy
A.V.,1,Easy
Aragami 2,2,AAA Medium Graphics
A Fistful of Gun,3,Competitive/E-Sports
A wild new world,1,Easy
A Dead Worlds Dream,1,Easy
A Stroke of Madness,1,Easy
A.I. War: The Zenith Remnant,1,Easy
A Fistful Of Cows,1,Easy
Apartment 666,2,AAA Medium Graphics
80 Days,1,Easy
The Binding of Isaac,1,Easy
The Adventures of Tintin,1,Easy
Test Drive Unlimited 2,1,Easy
Finding Teddy,1,Easy
Final Exam,1,Easy
Alekhines Gun,3,Competitive/E-Sports
Fionna fights!,1,Easy
Final Fantasy XIV: Endwalker,0,AAA High Graphics
Age of Empires II HD: Rise of the Rajas,1,Easy
Age of Mythology - Tales of the Dragon,1,Easy
Fifa Manager 14,1,Easy
Final Fantasy XIV: A Realm Reborn,2,AAA Medium Graphics
AdventureQuest 3D,3,Competitive/E-Sports
Adr1ft,0,AAA High Graphics
4089: Ghost Within,1,Easy
20000 Leagues Above The Clouds,1,Easy
FIFA World,3,Competitive/E-Sports
12 is better than 6,1,Easy
10 Years After,1,Easy
0RBITALIS,3,Competitive/E-Sports
1979 Revolution: Black Friday,3,Competitive/E-Sports
Aerofly FS 2 Flight Simulator,2,AAA Medium Graphics
Take On Helicopters,3,Competitive/E-Sports
Sword of the Stars 2,3,Competitive/E-Sports
Fifa 14,1,Easy
Fez,3,Competitive/E-Sports
fault milestone one,1,Easy
Fast and Furious Showdown,1,Easy
Accounting,0,AAA High Graphics
8-Bit Hordes,3,Competitive/E-Sports
8-bit Armies,3,Competitive/E-Sports
A Chair in a Room: Greenwater,0,AAA High Graphics
5089: The Action RPG,1,Easy
Far Cry 3: Blood Dragon,3,Competitive/E-Sports
Farming Simulator 2013,1,Easy
000 Plus,1,Easy
Stronghold 3,1,Easy
10 Second Ninja X,1,Easy
10 Minute Barbarian,1,Easy
STCC 2 The Game,1,Easy
ABZU,2,AAA Medium Graphics
Fallen Enchantress: Legendary Heroes,1,Easy
Face Noir,1,Easy
Star-Twine,1,Easy
F1 2013,3,Competitive/E-Sports
Evoland,1,Easy
Europa Universalis IV: Rights of Man,1,Easy
Europa Universalis IV,1,Easy
Ethan: Meteor Hunter,1,Easy
Star Wars: The Old Republic,3,Competitive/E-Sports
Stacking,1,Easy
Epigenesis,3,Competitive/E-Sports
Spirited Heart,1,Easy
0 A.D.,1,Easy
EVE Online: Odyssey,3,Competitive/E-Sports
Enola,3,Competitive/E-Sports
Entropy,3,Competitive/E-Sports
Eve Online: Rubicon,3,Competitive/E-Sports
Enslaved: Odyssey to the West,3,Competitive/E-Sports
Space Pirates and Zombies,1,Easy
Expeditions: Conquistador,3,Competitive/E-Sports
Sonic Generations,3,Competitive/E-Sports
Sonic Adventure DX,1,Easy
Endless Space: Disharmony,3,Competitive/E-Sports
Enamel,1,Easy
Eleusis,3,Competitive/E-Sports
Ecol Tactics Online,1,Easy
Electronic Super Joy,3,Competitive/E-Sports
Eldevin,1,Easy
Edge Of Space,1,Easy
SkyDrift,1,Easy
Eldritch,1,Easy
Skyborn,1,Easy
Sims 3: Town Life Stuff,1,Easy
Eador: Masters Of The Broken World,1,Easy
Sims 3: Pets,1,Easy
Dyad,3,Competitive/E-Sports
Sims 3: Outdoor Living,1,Easy
Sims 3: Hidden Springs,1,Easy
Dysfunctional Systems,1,Easy
Simraceway,1,Easy
Sideway New York,1,Easy
Dust: An Elysian Tail,3,Competitive/E-Sports
Dusty Revenge,1,Easy
SickBrick,1,Easy
Shogun 2: Total War - Rise of the Samurai,3,Competitive/E-Sports
Sims 3: Generations,1,Easy
Shogun 2: Total War,3,Competitive/E-Sports
Shadows on the Vatican,1,Easy
Dungeon Shooter 2,1,Easy
Dungeon Hearts,1,Easy
Dungeonland,3,Competitive/E-Sports
Dungeon Of The Endless,1,Easy
Dungeon Dashers,1,Easy
DuckTales: Remastered,1,Easy
Serious Sam 3,3,Competitive/E-Sports
ScrumbleShip,1,Easy
Dropchord,1,Easy
Shift 2: Unleashed,1,Easy
Dream Pinball 3D II,1,Easy
Dynasty Warriors 8,1,Easy
Section 8: Prejudice,1,Easy
Dream,1,Easy
Dragons Dogma: Dark Arisen,2,AAA Medium Graphics
Sengoku,1,Easy
Dracula 5:the Blood Legacy,1,Easy
DOTA 2,1,Easy
Dracula 4: The Shadow Of The Dragon,1,Easy
Doorways,1,Easy
Dont Starve,1,Easy
Dollar Dash: Winter Pack,1,Easy
Dragons Prophet,3,Competitive/E-Sports
Dollar Dash,1,Easy
DMC: Devil May Cry,3,Competitive/E-Sports
Dragon Knights,3,Competitive/E-Sports
Dragon Quest X,1,Easy
SBK-11,1,Easy
Sanctum,1,Easy
Saints Row 3,3,Competitive/E-Sports
Divo,1,Easy
Dishonored: The Knife Of Dunwall,3,Competitive/E-Sports
Dishonored: the Brigmore Witches,3,Competitive/E-Sports
Rusty Hearts,1,Easy
Divinity - Dragon Commander,3,Competitive/E-Sports
Rugby Challenge,3,Competitive/E-Sports
Rocketbirds: Hardboiled Chicken,1,Easy
Rocksmith,3,Competitive/E-Sports
Diablo III,3,Competitive/E-Sports
Deus Ex: Human Revolution - Director's Cut,3,Competitive/E-Sports
Rochard,1,Easy
Risk: Factions,1,Easy
Devil May Cry: Vergils Downfall,3,Competitive/E-Sports
Desktop Dungeons,1,Easy
Rise of Immortals,1,Easy
Zombie Driver,1,Easy
Rift: Planes of Telara,1,Easy
Retro Expansion,1,Easy
Yu-Gi-Oh! Online 3: Duel Accelerator,1,Easy
Deponia: The Complete Journey,1,Easy
Democracy 3,1,Easy
Diablo Immortal,2,AAA Medium Graphics
Dementium II,1,Easy
Delver,1,Easy
Defense Technica,3,Competitive/E-Sports
Death Goat,1,Easy
Defiance,3,Competitive/E-Sports
DeAscend,1,Easy
Deadpool,3,Competitive/E-Sports
Rescue Team 2,1,Easy
Renegade Ops Coldstrike Campaign,3,Competitive/E-Sports
Renegade Ops,3,Competitive/E-Sports
Remington Super Slam Hunting Alaska,1,Easy
Remington Super Slam Hunting Africa,1,Easy
Red Orchestra 2: Heroes of Stalingrad,3,Competitive/E-Sports
X-Men Origins: Wolverine,1,Easy
Deadly Premonition,3,Competitive/E-Sports
Deadlock,3,Competitive/E-Sports
Dead Space Reboot,3,Competitive/E-Sports
Deadfall Adventures,3,Competitive/E-Sports
Dead Space 4,3,Competitive/E-Sports
Dead Space 3,3,Competitive/E-Sports
Red Faction: Armageddon - Path To War,3,Competitive/E-Sports
Dead Rising 3,2,AAA Medium Graphics
Red Faction: Armageddon,3,Competitive/E-Sports
Dead Space 3: Awakened,3,Competitive/E-Sports
Realm of the Titans,1,Easy
Rayman Origins,1,Easy
Dead Sky,1,Easy
Wings of Prey,1,Easy
Wolfenstein,1,Easy
Dead Island Riptide,1,Easy
Dark Parables: The Final Cinderella,1,Easy
Dark,3,Competitive/E-Sports
RaceRoom The Game 2,1,Easy
Rage,3,Competitive/E-Sports
RACE Injection,1,Easy
Q.U.B.E.,1,Easy
Dark Matter,3,Competitive/E-Sports
Damned,1,Easy
Cubicity,1,Easy
Crysis 3: The Lost Island,2,AAA Medium Graphics
Cube World,2,AAA Medium Graphics
Project Black Sun,1,Easy
Pro Evolution Soccer 2012,1,Easy
Cry of Fear,1,Easy
Volvo The Game,1,Easy
Crysis 3,3,Competitive/E-Sports
Crusader Kings II: The Republic,1,Easy
Crusader Kings II: The Old Gods,1,Easy
Crusader Kings II: Songs of Prosperity,1,Easy
Power of Defense,1,Easy
Crusader Kings II: Mediterranean Portraits,1,Easy
Portal 2,1,Easy
Postal III,1,Easy
Pitiri 1977,1,Easy
Police Force,1,Easy
Craft the World,1,Easy
Pirates of Black Cove: Origins,1,Easy
Contrast,3,Competitive/E-Sports
Payday: The Heist,1,Easy
Tremulous,1,Easy
Contract: Void Justice,1,Easy
Contract Wars,3,Competitive/E-Sports
Contagion,1,Easy
Cognition: An Erica Reed Thriller Episode 4,1,Easy
Company of Heroes 2,3,Competitive/E-Sports
Constant C,3,Competitive/E-Sports
Pandemia,1,Easy
Train Simulator 2016,3,Competitive/E-Sports
Pandemia:Doomed Xmas,1,Easy
Cognition: An Erica Reed Thriller Episode 3,1,Easy
Cognition: An Erica Reed Thriller Episode 2,1,Easy
Cloudberry Kingdom,3,Competitive/E-Sports
Civilization V: Scrambled Nations,3,Competitive/E-Sports
Civilization V: Scrambled Continents,3,Competitive/E-Sports
Civilization V: Brave New World,3,Competitive/E-Sports
Cities XL Platinum,1,Easy
Cities in Motion 2,1,Easy
Orcs Must Die!: Lost Adventures,3,Competitive/E-Sports
Orcs Must Die,3,Competitive/E-Sports
Operation Flashpoint: Red River,3,Competitive/E-Sports
OMSI - Der Omnibussimulator,1,Easy
Orcs Must Die! - Artifacts of Power,3,Competitive/E-Sports
The Tomorrow War,1,Easy
The Saboteur,3,Competitive/E-Sports
Citadels,3,Competitive/E-Sports
Chronoblast,1,Easy
Chemical Spillage Simulation,1,Easy
Champions of Regnum,1,Easy
Chivalry: Deadliest Warrior,3,Competitive/E-Sports
Chainsaw Warrior,1,Easy
Castlevania: Lords of Shadow,3,Competitive/E-Sports
Company of Heroes 3,0,AAA High Graphics
No More Room in Hell,3,Competitive/E-Sports
Need for Speed: The Run,3,Competitive/E-Sports
The Lord of the Rings: Conquest,1,Easy
The Last Remnant,1,Easy
CastleStorm,1,Easy
Castle of Illusion,1,Easy
Terminator Salvation,3,Competitive/E-Sports
Castle Story,1,Easy
Card Hunter,1,Easy
Call of Duty: Ghosts,2,AAA Medium Graphics
Call of Juarez: Gunslinger,3,Competitive/E-Sports
Naval Warfare,1,Easy
Call of Duty - Black Ops 2: Vengeance,3,Competitive/E-Sports
Tales of the Drunken Paladin,1,Easy
Call of Duty - Black Ops 2: Nuketown Zombies,3,Competitive/E-Sports
Call of Duty - Black Ops 2: Revolution,3,Competitive/E-Sports
Call of Duty - Black Ops 2: Apocalypse,3,Competitive/E-Sports
Calavera: Day of the Dead,1,Easy
Cabelas African Adventures,3,Competitive/E-Sports
Bus Simulator 2012,3,Competitive/E-Sports
Monday Night Combat,1,Easy
NBA 2k12,3,Competitive/E-Sports
Modern Warfare 3,1,Easy
Superstars V8 Racing,1,Easy
Brutal Nature,1,Easy
Sudden Attack,1,Easy
Sudokuball Detective,1,Easy
Brothers: A Tale of Two Sons,3,Competitive/E-Sports
Broken Sword: The Serpents Curse,1,Easy
Bret Airborne,1,Easy
Borderlands 2: Tiny Tinas Assault On Dragon Keep,3,Competitive/E-Sports
Borderlands 2: Sir Hammerlocks Big Game Hunt,3,Competitive/E-Sports
Modern Hunt,1,Easy
Might and Magic: Clash of Heroes,1,Easy
Streets of Moscow,1,Easy
Streetfighter IV,1,Easy
Star Wars: The Force Unleashed - Ultimate Sith Edition,1,Easy
Minecraft,3,Competitive/E-Sports
Blood Of The Werewolf,3,Competitive/E-Sports
Black Galaxy,1,Easy
Blood Knights,1,Easy
BLAZE - mechforces,1,Easy
BIT.TRIP Presents Runner2: Future Legend of Rhythm Alien,1,Easy
Bioshock Infinite: Clash In The Clouds,3,Competitive/E-Sports
Bioshock Infinite,3,Competitive/E-Sports
Metacell,1,Easy
Blast Em,1,Easy
Men of War: Vietnam,1,Easy
Metal Dead,1,Easy
Bioshock Infinite: Burial At Sea - Episode One,3,Competitive/E-Sports
Bionic Dues,1,Easy
Might & Magic: Clash of Heroes - I Am the Boss,1,Easy
Beyond: Two Souls,0,AAA High Graphics
Beatbuddy,1,Easy
Battlefield 4: China Rising,2,AAA Medium Graphics
Battlefield 4,2,AAA Medium Graphics
Magicka: Watch Tower,1,Easy
Magicka: Vietnam,1,Easy
Magicka: The Stars Are Left,1,Easy
Magicka: Party Robes,1,Easy
Sins of a Solar Empire: Entrenchment,1,Easy
BattleBlock Theater,3,Competitive/E-Sports
Battle Worlds: Kronos,3,Competitive/E-Sports
Ballpoint Universe: Infinite,1,Easy
Batman: Arkham Origins - Initiation,3,Competitive/E-Sports
Bad Bots,1,Easy
Magicka: Marshlands,1,Easy
Awakening: The Sunhook Spire Collectors Edition,1,Easy
Magicka: Holiday Spirit DLC,1,Easy
Magicka: Horror Props DLC,1,Easy
Magicka: Frozen Lake,1,Easy
Mass Effect 2: Arrival,3,Competitive/E-Sports
Sims 3: World Adventures,1,Easy
Magicka Gamer Bundle DLC,1,Easy
Magicka: Final Frontier,1,Easy
Magicka Wizards Survival Kit,1,Easy
Magicka Nippon,1,Easy
Sims 3,1,Easy
Astro Emporia,1,Easy
Assetto Corsa,2,AAA Medium Graphics
Assassins Creed 4 Black Flag: Freedom Cry,3,Competitive/E-Sports
Assassins Creed 4 Black Flag,3,Competitive/E-Sports
Battlefield 3: End Game,3,Competitive/E-Sports
Batman: Arkham Origins,2,AAA Medium Graphics
Assassins Creed 3: The Tyranny of King Washington,3,Competitive/E-Sports
Magicka,1,Easy
Magic: The Gathering - Duels of the Planeswalkers 2012,1,Easy
Section 8,1,Easy
Ashes Cricket 2013,3,Competitive/E-Sports
Arma Tactics,1,Easy
Arma II: DayZ Mod,3,Competitive/E-Sports
ArmA III - Survive,3,Competitive/E-Sports
ArmA III,3,Competitive/E-Sports
Arcane Saga Online,1,Easy
Limbo,1,Easy
LOCO: Evolution,1,Easy
Archeblade,3,Competitive/E-Sports
Lets Get Fiscal,1,Easy
Science Girls,1,Easy
Saints Row 2,1,Easy
Angry Video Game Nerd Adventures,1,Easy
Anno Online,1,Easy
Lego Star Wars III: The Clone Wars,1,Easy
Lego Pirates of the Caribbean: The Video Game,1,Easy
Anodyne,1,Easy
Lego Harry Potter: Years 5-7,3,Competitive/E-Sports
Anomaly 2,3,Competitive/E-Sports
Last Half of Darkness: Society of the Serpent Moon,1,Easy
Lair of the Evildoer,1,Easy
Koya Rift,1,Easy
LA Noire,2,AAA Medium Graphics
Rogue Warrior,1,Easy
Another World - 20th Anniversary Edition,1,Easy
Risen,1,Easy
Resident Evil 5,3,Competitive/E-Sports
Alien Spidy,1,Easy
Amnesia: A Machine for Pigs,2,AAA Medium Graphics
Aliens: Colonial Marines,3,Competitive/E-Sports
Alien Rage,3,Competitive/E-Sports
Red Faction: Guerrilla,1,Easy
King Arthur: The Druids,1,Easy
Kerbal Space Program,1,Easy
Air Conflicts: Vietnam,3,Competitive/E-Sports
Akaneiro: Demon Hunters,1,Easy
Aion: Dark Betrayal,3,Competitive/E-Sports
Kenshi,0,AAA High Graphics
Aion: Upheaval,3,Competitive/E-Sports
Age of Wulin,1,Easy
Age Of Wushu,1,Easy
Jurassic Park: The Game - Part 1,1,Easy
Age of Empires II: The Forgotten,1,Easy
Age Of Empires II: HD,1,Easy
Iris Online,1,Easy
Adventure Time: Explore the Dungeon Because I DONT KNOW!,1,Easy
Adventure Park,3,Competitive/E-Sports
Aerena - Class of Champions,1,Easy
Abandoned,1,Easy
Insane 2,1,Easy
Infinity Danger,1,Easy
Aarklash: Legacy,3,Competitive/E-Sports
Influence,3,Competitive/E-Sports
Age Of Decadence,1,Easy
Prototype,1,Easy
IHF Handball Challenge 12,3,Competitive/E-Sports
Pro Evolution Soccer 2010,1,Easy
Hunter Blade Online,1,Easy
99 Spirits,1,Easy
Hunted: The Demons Forge,3,Competitive/E-Sports
7 Days To Die,3,Competitive/E-Sports
Hyperspace Pinball,1,Easy
A Valley Without Wind 2,1,Easy
Pixeljunk Shooter,1,Easy
140,1,Easy
6180 the moon,1,Easy
100% Orange Juice,1,Easy
Homefront,3,Competitive/E-Sports
Operation Flashpoint: Dragon Rising,3,Competitive/E-Sports
Overlord 2,1,Easy
1 2 3 KICK IT! (Drop That Beat Like an Ugly Baby),1,Easy
Heroes of Might and Magic VI,1,Easy
Hearts of Iron III: Mega German Spritepack,1,Easy
Online Dragon Ball,1,Easy
Night Watcher,1,Easy
Hearts of Iron III: For the Motherland,1,Easy
Ninja Gaiden Sigma 2,3,Competitive/E-Sports
Harry Potter and the Deathly Hallows Part 2,1,Easy
Hard Reset,3,Competitive/E-Sports
Guerrilla Bob,1,Easy
NosTale,1,Easy
Neotokyo,1,Easy
GT Power Expansion,1,Easy
Need for Speed: Shift,1,Easy
Ground Control Simulator,1,Easy
Gratuitous Space Battles The Parasites,1,Easy
Grotesque Tactics 2: Dungeons & Donuts,1,Easy
Gothic 4: Fall of Setarrif,3,Competitive/E-Sports
Go Go Nippon - My First Trip To Japan,1,Easy
Global Ops: Commando Libya,3,Competitive/E-Sports
Mirrors Edge,1,Easy
From Dust,3,Competitive/E-Sports
Flower Shop: Summer in Fairbrook,1,Easy
Magic World Online,1,Easy
Fifa Manager 12,1,Easy
Lost Saga,1,Easy
Fill Up!,1,Easy
FlatOut 3 - Chaos Destruction,3,Competitive/E-Sports
FIFA 2012,1,Easy
Lego Star Wars: The Complete Saga,1,Easy
Fate of the World: Tipping Point,1,Easy
Fate of the World Denial DLC,1,Easy
Fate of the World Migration DLC,1,Easy
Fate of the World Extras Pack DLC,1,Easy
Little Kings Story,3,Competitive/E-Sports
Left 4 Dead 2,1,Easy
League of Legends: Clash of Fates,1,Easy
Fallout: New Vegas - Old World Blues,3,Competitive/E-Sports
Fallout: New Vegas - Lonesome Road,3,Competitive/E-Sports
Fallout: New Vegas - Honest Hearts,3,Competitive/E-Sports
Fallout: New Vegas - Dead Money,3,Competitive/E-Sports
F1 2011,3,Competitive/E-Sports
Fable III,1,Easy
League of Legends,3,Competitive/E-Sports
F.E.A.R. 3,3,Competitive/E-Sports
EYE,1,Easy
Judicator,1,Easy
Explodemon!,1,Easy
Eve Online: Incarna,1,Easy
Eve Online: Crucible,1,Easy
Escape Goat,1,Easy
Enchanted Cavern 2,1,Easy
EverQuest: Veil of Alaris,1,Easy
Elsword,3,Competitive/E-Sports
Elementary My Dear Majesty,1,Easy
Edna and Harvey: Harveys New Eyes,1,Easy
Eden Eternal,1,Easy
Dynasty Warriors 7,1,Easy
Dwarfs F2P,3,Competitive/E-Sports
Heroes over Europe,1,Easy
Hearts of Iron III,1,Easy
Duplicity: Beyond the Lies,1,Easy
Earth Defense Force: Insect Armageddon,3,Competitive/E-Sports
Dungeons Of Dredmor: Realm Of The Diggle Gods,1,Easy
Dungeon Siege 3: Treasures of the Sun,3,Competitive/E-Sports
Dungeon Siege 3,3,Competitive/E-Sports
Duke Nukem Forever : The Doctor Who Cloned Me,1,Easy
Duke Nukem Forever,1,Easy
Driver: San Francisco,3,Competitive/E-Sports
GTA IV - The Ballad of Gay Tony,3,Competitive/E-Sports
Dungeon Defenders,1,Easy
Dungeons & Dragons Daggerdale,1,Easy
Drakensang: The River of Time,1,Easy
Gratuitous Space Battles: The Tribe,1,Easy
Gratuitous Space Battles,1,Easy
Grand Fantasia,1,Easy
Dragon Age 2: Mark of the Assassin,3,Competitive/E-Sports
Dragon Nest,1,Easy
Dragon Age 2: Legacy,3,Competitive/E-Sports
Dragon Age 2,3,Competitive/E-Sports
DLC Quest,1,Easy
Dirt 3,3,Competitive/E-Sports
Fort Zombie,1,Easy
Deus Ex 3: The Missing Link,3,Competitive/E-Sports
Deus Ex 3: Tactical Enhancement Pack,3,Competitive/E-Sports
Deus Ex 3,3,Competitive/E-Sports
Demolition Master 3D,1,Easy
Deus Ex 3: Explosive Mission Pack,3,Competitive/E-Sports
FIFA 2010,1,Easy
Defense Grid: You Monster,1,Easy
Defenders of Ardania,1,Easy
Dead Island,3,Competitive/E-Sports
Dead Space II,3,Competitive/E-Sports
Dead Rising 2: Off The Record,3,Competitive/E-Sports
Dead Island Bloodbath Arena DLC,1,Easy
Dead Horde,1,Easy
Fallout 3: The Pitt,1,Easy
Fallout 3: Point Lookout,1,Easy
Fallout 3: Operation Anchorage,1,Easy
Fallout 3: Mothership Zeta,1,Easy
Dead Block,1,Easy
DC Universe Online: Fight For The Light,1,Easy
DC Universe Online Lightning Strikes,3,Competitive/E-Sports
DC Universe Online,3,Competitive/E-Sports
Dawn of War 2 - Retribution: Dark Angels,1,Easy
Dawn of War 2 - Retribution,1,Easy
Fallout 3: Broken Steel,1,Easy
Fairytale Fights,1,Easy
Fading Hearts,1,Easy
Face of Mankind,1,Easy
F.E.A.R. 2: Reborn,1,Easy
F.E.A.R. 2: Project Origin,1,Easy
Dark Souls,3,Competitive/E-Sports
Fallen Earth,1,Easy
Enviro-Bear 2000,1,Easy
Crysis 2: Retaliation,3,Competitive/E-Sports
Empire: Total War,1,Easy
Crysis 2: Decimation Pack,3,Competitive/E-Sports
Crysis 2,3,Competitive/E-Sports
Crazy Machines: Elements,1,Easy
Crasher,3,Competitive/E-Sports
Concerned Joe,1,Easy
Crash Time 4: The Syndicate,1,Easy
Costume Quest,1,Easy
Close Combat: The Longest Day,1,Easy
Drakensang: The Dark Eye,1,Easy
Civilization V - Explorer’s Map Pack,3,Competitive/E-Sports
Civilization V - Denmark - The Vikings,3,Competitive/E-Sports
Dragon Age: Origins,3,Competitive/E-Sports
Civilization V: Polynesia,3,Competitive/E-Sports
Civilization V - Wonders of the Ancient World,3,Competitive/E-Sports
Cities XL 2012,1,Easy
Dirt 2,3,Competitive/E-Sports
Cities In Motion,1,Easy
Death Rally,3,Competitive/E-Sports
Dawn of War II - The Last Stand,1,Easy
Dawn of War II,1,Easy
Cannon Fodder 3,1,Easy
Call of Gods,1,Easy
Call of Juarez: The Cartel,3,Competitive/E-Sports
Call of Duty - Black Ops: Rezurrection,1,Easy
Call of Duty - Black Ops: First Strike,3,Competitive/E-Sports
Call of Duty - Black Ops: Escalation,3,Competitive/E-Sports
Call of Duty - Black Ops: Annihilation,1,Easy
Cafe 0: The Drowned Mermaid,1,Easy
Bullet Train,1,Easy
Build-a-lot: On Vacation,1,Easy
Bulletstorm,3,Competitive/E-Sports
Brink: Agents Of Change,3,Competitive/E-Sports
Brink,3,Competitive/E-Sports
Crash Time 2,1,Easy
Bronco X,1,Easy
X3: Terran Conflict,1,Easy
Wrestling MPire 2008: Career Edition,1,Easy
Brawl Busters,1,Easy
Command & Conquer: Red Alert 3 - Uprising,1,Easy
Boomtown Takedown,1,Easy
Bracken Tor: The Time of Tooth and Claw,1,Easy
Code of Honor 3: Desperate Measures,1,Easy
Cities XL,3,Competitive/E-Sports
Weapon of Choice,3,Competitive/E-Sports
Championship Manager 2010,1,Easy
Call of Juarez: Bound in Blood,1,Easy
Call of Duty: Modern Warfare 2,1,Easy
Burnout Paradise: The Ultimate Box,3,Competitive/E-Sports
Valkyria Chronicles,3,Competitive/E-Sports
Viking: Battle for Asgard,3,Competitive/E-Sports
Bioshock 2: Protector Trials,1,Easy
Bioshock 2: Minervas Den,1,Easy
Brutal Legend,1,Easy
Borderlands,1,Easy
TrackMania Nations Forever,1,Easy
Turok,1,Easy
Battlefield 3: Back To Karkand,3,Competitive/E-Sports
Battlefield Play4Free,1,Easy
Blood Bowl,1,Easy
Battlefield 3,3,Competitive/E-Sports
Tomb Raider: Underworld,1,Easy
Tom Clancy Rainbow 6: Vegas 2,1,Easy
Battle Sheep!,1,Easy
Batman: Arkham City,3,Competitive/E-Sports
Bastion: The Strangers Dream,1,Easy
Back To The Future: Part 5,1,Easy
Bastion,1,Easy
The Lord of the Rings Online: Mines of Moria,1,Easy
Assassins Creed: Revelations,3,Competitive/E-Sports
Assassins Creed: Brotherhood,3,Competitive/E-Sports
Arvoch Alliance,1,Easy
Avatar The Game,1,Easy
Batman: Arkham Asylum,1,Easy
Ashes Cricket 2009,1,Easy
ArmA II,3,Competitive/E-Sports
Army Men III,1,Easy
ArmA II: Free,3,Competitive/E-Sports
ARES: Extinction Agenda,1,Easy
Anno 1404,3,Competitive/E-Sports
Alliance of Valiant Arms,1,Easy
Tactical-Shift: Arena,1,Easy
Apox,1,Easy
Tank Universal,1,Easy
APB: Reloaded,3,Competitive/E-Sports
Anomaly: Warzone Earth,1,Easy
Anno 2070,3,Competitive/E-Sports
Steelfury: Kharkov 1942,1,Easy
Alpha Polaris,1,Easy
Airline Tycoon 2,1,Easy
Always Remember Me,1,Easy
A.I. War: Fleet Command,1,Easy
Agricultural Simulator 2012,1,Easy
18 Wheels of Steel: Extreme Trucker,1,Easy
Spelunky,3,Competitive/E-Sports
Age of Empires Online,1,Easy
AeroflyFS,3,Competitive/E-Sports
Afterfall: Insanity,1,Easy
Achtung Panzer: Operation Star,1,Easy
Sins of a Solar Empire,1,Easy
Aces High,1,Easy
A New Beginning,1,Easy
Ace Combat: Assault Horizon,3,Competitive/E-Sports
A Game Of Thrones: Genesis,1,Easy
Silent Hill: Homecoming,1,Easy
A.I. War: Alien Bundle,1,Easy
S.T.A.L.K.E.R.: Clear Sky,1,Easy
18 Wheels of Steel: Extreme Trucker 2,1,Easy
Robombs,1,Easy
PixelJunk Eden,1,Easy
No More Heroes,2,AAA Medium Graphics
On the Rain-Slick Precipice of Darkness: Episode 1,1,Easy
Need for Speed: Undercover,1,Easy
Moto GP 08,1,Easy
Mightier,1,Easy
Warcraft 3: Reign Of Chaos,1,Easy
Left 4 Dead,1,Easy
The Elder Scrolls III: Morrowind,1,Easy
The Dark Legions,1,Easy
Sudden Strike 2,1,Easy
Ikaruga,1,Easy
Prisoner of War,1,Easy
GUILTY GEAR 2 -OVERTURE-,3,Competitive/E-Sports
Grand Theft Auto IV,3,Competitive/E-Sports
Gothic 3: Forsaken Gods,1,Easy
GRID Racedriver,1,Easy
NBA Live 2003,1,Easy
GetAmped,1,Easy
Moonbase Commander,1,Easy
FIFA 09,1,Easy
Far Cry 2,1,Easy
Fallout 3,1,Easy
Incoming Forces,1,Easy
Winning Eleven 7,1,Easy
Dynasty Warriors 6,1,Easy
Dwarf Fortress,3,Competitive/E-Sports
Total War: Rome Remastered,2,AAA Medium Graphics
Dracula: Origin,1,Easy
Devil May Cry 4,1,Easy
Conflict: Desert Storm,1,Easy
Combat Mission II Barbarossa to Berlin,1,Easy
Dead Space,1,Easy
Cabelas Ultimate Deer Hunt 2,1,Easy
DCS world,2,AAA Medium Graphics
Cabelas Big Game Hunter 6,1,Easy
Casino Mogul,1,Easy
Terrorist Takedown,1,Easy
Beach Life,1,Easy
Dark Eden,1,Easy
Crysis Warhead,1,Easy
Counter Strike Online,1,Easy
Arx Fatalis,1,Easy
Age of Mythology,1,Easy
3D SexVilla 2: Everlust,1,Easy
Crazy Machines 2,1,Easy
Space Rangers 2: Rise of the Dominators,1,Easy
Silent Storm,1,Easy
Cosmic Sunder: Elements,1,Easy
Code of Honor 2: Conspiracy Island,1,Easy
Clutch,1,Easy
Collapse: Devastated World,1,Easy
Second Sight,1,Easy
Command & Conquer: Red Alert 3,1,Easy
Children of the Nile: Alexandria,1,Easy
Call of Duty 5: World at War,1,Easy
OpenTTD,1,Easy
Painkiller Heavens got a hitman,1,Easy
Painkiller Battle out of Hell,1,Easy
Ball of Doom,1,Easy
Nightmares from the Deep: The Cursed Heart Collectors Edition,1,Easy
Nexus: The Jupiter Incident,1,Easy
Assassins Creed,1,Easy
Atlantica Online,1,Easy
Need for Speed: Underground 2,1,Easy
Alarm for Cobra 11-Burning Wheels,1,Easy
Alarm for Cobra 11-Highway Nights,1,Easy
Age of Conan: Hyborian Adventures,3,Competitive/E-Sports
Half-Life: Source,1,Easy
Harry Potter and the Prisoner of Azkaban,1,Easy
Hamsterball,1,Easy
Football Manager 2005,1,Easy
Half Life 2 Deathmatch,1,Easy
Everquest 2,1,Easy
Deer Hunter 2005,1,Easy
Crazy Taxi 3: High Roller,1,Easy
Counter-Strike: Source,1,Easy
Chaos League,1,Easy
Catwoman,1,Easy
Bloodline,1,Easy
Besieger,1,Easy
Armies of Exigo,1,Easy
18 wheels of steel: Pedal to the metal,1,Easy
Weird Worlds: Retun to Infinite Space,1,Easy
Worms 4: Mayhem,1,Easy
Wolfenstein: Enemy Territory,1,Easy
Vietcong 2,1,Easy
True Crime New York City,1,Easy
Ultimate Spider-Man,1,Easy
Tony Hawks American Wasteland,1,Easy
Tom Clancy Splinter Cell: Chaos Theory,1,Easy
The Punisher,1,Easy
The Incredibles: Rise of the Underminer,1,Easy
Terrorist Takedown-Payback,1,Easy
Tom Clancys Ghost Recon: Island Thunder,1,Easy
Swat 4,1,Easy
The Simpsons: Hit and Run,1,Easy
Sudeki,1,Easy
Stubbs the Zombie in Rebel Without a Pulse,1,Easy
Star Wars: Republic Commando,1,Easy
Tales of Symphonia,3,Competitive/E-Sports
Street Legal Racing Redline,1,Easy
Star Wars: Knights of the Old Republic II: The Sith Lords,3,Competitive/E-Sports
Star Wars Galaxies,1,Easy
Squadra Corse Alfa Romeo,1,Easy
Silent Hunter 3,1,Easy
SimCity 4,1,Easy
Secret Weapons Over Normandy,1,Easy
Second Life,1,Easy
Samorost 2,1,Easy
Silent Hill 3,1,Easy
Railroad Tycoon 3,1,Easy
Project IGI 2,1,Easy
ROBLOX,1,Easy
Patrician III,1,Easy
Nosferatu: The Wrath Of Malachi,1,Easy
Pro Evolution Soccer 4,1,Easy
Need for Speed: Underground,1,Easy
Nascar Racing Season 2003,1,Easy
Peter Jacksons King Kong,1,Easy
Operation Matriarchy,1,Easy
Ni.bi.ru : The age of secrets,1,Easy
Medal of Honor: Allied Assault - Breakthrough,1,Easy
Max Payne 2: The Fall of Max Payne,1,Easy
Knights of the Old Republic,1,Easy
Midnight Club 2,1,Easy
Mutant Storm: Reloaded,1,Easy
MVP Baseball 2005,1,Easy
Grom - Terror in Tibet !,1,Easy
Judge Dredd: Dredd vs. Death,1,Easy
Final Fantasy XI,1,Easy
Entropia Universe,2,AAA Medium Graphics
Half-Life 2: Lost Coast,1,Easy
Gun,1,Easy
GetAmped2,1,Easy
DownTown Run,1,Easy
Football Manager 2006,1,Easy
Conflict: Desert Storm II,1,Easy
Commandos 3: Destination Berlin,1,Easy
Command & Conquer: Generals,1,Easy
Doom 3: Resurrection of Evil,1,Easy
Chicken Shoot,1,Easy
Chaos Legion,1,Easy
Cabelas GrandSlam Hunting: 2004 Trophies,1,Easy
Cabelas Dangerous Hunts,1,Easy
Doom 3,1,Easy
Cabelas Big Game Hunter: 2004 Season,1,Easy
BloodRayne,1,Easy
Big Rigs: Over the Road Racing,1,Easy
Constantine,1,Easy
Beyond Good & Evil,1,Easy
Dofus,1,Easy
Condemned: Criminal Origins,1,Easy
Cold Fear,1,Easy
Age of Mythology: The Titans,1,Easy
Boiling Point: Road To Hell,1,Easy
Chrome: SpecForce,1,Easy
Battle for Wesnoth,1,Easy
Battlefield 2,1,Easy
Battlefield 2: Special Forces,1,Easy
Airborne Troops: Countdown to D-Day,1,Easy
Wildlife Park 2,1,Easy
Vivisector: Beast Within,1,Easy
Ultimate Duck Hunting,1,Easy
UberSoldier,1,Easy
Tomb Raider: Legend,1,Easy
Tom Clancys Rainbow Six: Vegas,1,Easy
Tom Clancy: Ghost Recon Advanced Warfighter,1,Easy
Toca Race Driver 3,1,Easy
The Ship,1,Easy
The Guild 2,1,Easy
Timothy and Titus: Saints Martyrs Heroes,1,Easy
Terrorist Takedown: War in Colombia,1,Easy
Terrorist Takedown: Covert Operations,1,Easy
The Elder Scrolls IV: Knights of the Nine,1,Easy
Sword of the Stars: Ultimate Collection,1,Easy
Stronghold Legends,1,Easy
Secret Files: Tunguska,1,Easy
RollerCoaster Tycoon 3: Platinum,1,Easy
RF Online,1,Easy
Red Orchestra: Ostfront 41-45,1,Easy
Oblivion,1,Easy
Prey,1,Easy
Medieval II: Total War,1,Easy
Might and Magic: Dark Messiah,1,Easy
Neverwinter Nights 2,1,Easy
Mark of Chaos,1,Easy
Jackal,1,Easy
International Cue Club,1,Easy
Heroes of Might and Magic V,1,Easy
Hitman: Blood Money,1,Easy
Guild Wars Nightfall,1,Easy
Gothic 3,1,Easy
GTI Racing,1,Easy
Heroes of Annihilated Empires,1,Easy
Half-Life 2: Episode 1,1,Easy
FlatOut 2,1,Easy
Feeding Frenzy 2: Shipwreck Showdown,1,Easy
Faces of War,1,Easy
F.E.A.R. Extraction Point,1,Easy
F.E.A.R. Combat,1,Easy
ETROM: The Astral Essence,1,Easy
El Matador,1,Easy
Dreamfall: The Longest Journey,1,Easy
Devil May Cry 3 SE,1,Easy
Desperate Housewives: The Game,1,Easy
Desperados 2: Coopers Revenge,1,Easy
DarkStar One,1,Easy
Company of Heroes,1,Easy
Commandos: Strike Force,1,Easy
Dominions 3: The Awakening,1,Easy
Colin McRae Dirt,1,Easy
Charlottes Web: Wilbur and Friends,1,Easy
Castle of Shikigami III,1,Easy
Cars: Radiator Springs Adventures,1,Easy
Caesar IV,1,Easy
Call of Cthulhu: Dark Corners of the Earth,1,Easy
BloodRayne 2,1,Easy
Battlefield 2: Euro Force,1,Easy
Battlefield 2142,1,Easy
Auto Assault,1,Easy
AssaultCube,1,Easy
Alarm for Cobra 11-Nitro,1,Easy
25 To Life,1,Easy
Yu-Gi-Oh! Online: Duel Evolution,1,Easy
Whirlwind of Vietnam,1,Easy
Virtua Tennis 3,1,Easy
War Front: Turning Point,1,Easy
Two Worlds,1,Easy
Trepidation,1,Easy
Transformers: The Game,1,Easy
Titan Quest: Gold,1,Easy
Titan Quest: Immortal Throne,1,Easy
Tortuga: Two Treasures,1,Easy
TimeShift,1,Easy
Tiger Woods PGA Tour 08,1,Easy
The Settlers: Rise of an Empire,1,Easy
The Lord of the Rings Online: Shadows of Angmar,1,Easy
The Haunted House,1,Easy
The Hell In Vietnam,1,Easy
The Elder Scrolls IV: Shivering Isles,1,Easy
Sword 2,1,Easy
Team Fortress 2,1,Easy
Tabula Rasa,1,Easy
Supreme Commander,1,Easy
Special Force Online,1,Easy
Spider Man 3,1,Easy
Ship simulator 2008,1,Easy
Rugby 08,1,Easy
S.T.A.L.K.E.R.: Shadow of Chernobyl,1,Easy
Sega Rally Revo,1,Easy
Resistance,1,Easy
Resident Evil 4,1,Easy
Pro Evolution Soccer 2008,1,Easy
Piu - space wars,1,Easy
Ninja Gaiden Sigma,3,Competitive/E-Sports
Neverwinter Nights 2: Mask of the betrayer,1,Easy
Nethergate: Resurrection,1,Easy
Need for Speed: Prostreet,1,Easy
Medieval II: Total War Kingdoms,1,Easy
Monster Hunter Frontier Online,1,Easy
Mass Effect,1,Easy
Medal of Honor: Airborne,1,Easy
Maelstrom,1,Easy
MapleStory,3,Competitive/E-Sports
Lineage 2: Gracia Epilogue,1,Easy
Lineage 2,1,Easy
Jack Orlando: Directors Cut,1,Easy
Hospital Tycoon,1,Easy
IL-2 Sturmovik: 1946,1,Easy
Kane & Lynch: Dead Men,1,Easy
Hard Time,1,Easy
Halo 3,2,AAA Medium Graphics
Half-Life 2: Episode 2,1,Easy
Genesis Rising: The Universal Crusade,1,Easy
F.E.A.R. Perseus Mandate,1,Easy
Europa Universalis III: Napoleons Ambition,1,Easy
Europa Universalis III,1,Easy
escape from HELL,1,Easy
Fiesta Online,1,Easy
Darkness Within,1,Easy
Crysis,1,Easy
Crash Time: Autobahn Pursuit,1,Easy
Code of Honor - The French Foreign Legion,1,Easy
Call of Juarez,1,Easy
Call of Duty 4: Modern Warfare,1,Easy
Burn,1,Easy
Brian Lara International Cricket 2007,1,Easy
Blockland,1,Easy
Bioshock,1,Easy
Battlestations: Midway,1,Easy
Avencast: Rise of the Mage,1,Easy
ArmA Armed Assault,1,Easy
Ancient Wars: Sparta,1,Easy
Alarm for Cobra 11-Crash Time,1,Easy
9Dragons,1,Easy
8 Kingdoms,1,Easy
18 wheels of steel american long haul,1,Easy
Agarest:Generations of War,3,Competitive/E-Sports
Donald Duck: Goin Quackers,1,Easy
Combat Mission Beyond Overlord,1,Easy
Cabelas GrandSlam Hunting: North American 29,1,Easy
Cabelas Big Game Hunter 4,1,Easy
Arthurs Knights,1,Easy
Star Wars Galactic Battlegrounds,1,Easy
Severance: Blade of Darkness,1,Easy
Wizardry 8,1,Easy
RuneScape,3,Competitive/E-Sports
Project Runway,1,Easy
Original War,1,Easy
Onimusha: Warlords,3,Competitive/E-Sports
Max Payne 1,1,Easy
Jekyll and Hyde,1,Easy
Intensity XS ReCharge,1,Easy
Casino Tycoon,1,Easy
Cabelas Big Game Hunter 5: Platinum Series,1,Easy
Cabelas Ultimate Deer Hunt,1,Easy
Anachronox,1,Easy
11-11 Memories Retold,0,AAA High Graphics
4x4 Evo 2,1,Easy
A Plague Tale: Innocence,0,AAA High Graphics
112 Operator,3,Competitive/E-Sports
Agony,2,AAA Medium Graphics
Ancestors Legacy,2,AAA Medium Graphics
Akane,2,AAA Medium Graphics
American Truck Simulator - Oregon,2,AAA Medium Graphics
Age of Civilizations 2,3,Competitive/E-Sports
Age of Empires: Definitive Edition,1,Easy
Abandon Ship,2,AAA Medium Graphics
Among Us,3,Competitive/E-Sports
A Way Out,2,AAA Medium Graphics
Age of Empires II: Definitive Edition,3,Competitive/E-Sports
Afterparty,0,AAA High Graphics
Aery VR,0,AAA High Graphics
Aery,2,AAA Medium Graphics
Adam - Lost Memories,2,AAA Medium Graphics
Abyss Of The Sacrifice,3,Competitive/E-Sports
A Long Way Down,3,Competitive/E-Sports
Aeolis Tournament,3,Competitive/E-Sports
Aeioth RPG,0,AAA High Graphics
Adventures of Chris,3,Competitive/E-Sports
Adventure In Aellion,0,AAA High Graphics
Adore,2,AAA Medium Graphics
Age of Wonders: Planetfall - Revelations,2,AAA Medium Graphics
Alder's Blood,3,Competitive/E-Sports
Alchemist Simulator,2,AAA Medium Graphics
Age of Wonders: Planetfall,2,AAA Medium Graphics
Another Try,2,AAA Medium Graphics
Angry Toys,3,Competitive/E-Sports
Ancient Cities,0,AAA High Graphics
Ashina: The Red Witch: Prologue,1,Easy
Action Taimanin,3,Competitive/E-Sports
Atelier Ayesha: The Alchemist of Dusk DX,2,AAA Medium Graphics
Astra Exodus,2,AAA Medium Graphics
Astellia,2,AAA Medium Graphics
Ball 3D: Soccer Online,3,Competitive/E-Sports
Baldurs Gate 3,0,AAA High Graphics
Aquanox Deep Descent,0,AAA High Graphics
AO Tennis 2,0,AAA High Graphics
Batbarian: Testament of the Primordials,2,AAA Medium Graphics
BE-A Walker,3,Competitive/E-Sports
BattleBeasts,0,AAA High Graphics
Battle For Crown: Multiplayer,3,Competitive/E-Sports
Atelier Escha & Logy: Alchemists of the Dusk Sky DX,2,AAA Medium Graphics
BomjMan,2,AAA Medium Graphics
Bleeding Edge,0,AAA High Graphics
Blue Fire,3,Competitive/E-Sports
Bleach Brave Souls,3,Competitive/E-Sports
Blood of Steel,3,Competitive/E-Sports
Block Multiplayer: RPG,0,AAA High Graphics
Bloodstained: Curse of the Moon 2,3,Competitive/E-Sports
Bridge Constructor: The Walking Dead,3,Competitive/E-Sports
Boris The Rocket,2,AAA Medium Graphics
Boris and the Dark Survival,2,AAA Medium Graphics
Biomass,2,AAA Medium Graphics
Bug Academy,3,Competitive/E-Sports
Call of the Sea,0,AAA High Graphics
Call of Duty: Black Ops 5,0,AAA High Graphics
Battletoads,3,Competitive/E-Sports
Call of Duty Warzone,0,AAA High Graphics
Call of Anime: Vietnam War,3,Competitive/E-Sports
Cake Bash,3,Competitive/E-Sports
Charterstone: Digital Edition,3,Competitive/E-Sports
Chaos Galaxy,3,Competitive/E-Sports
Chair F*cking Simulator,3,Competitive/E-Sports
BPM: Bullets Per Minute,0,AAA High Graphics
Bugsnax,0,AAA High Graphics
Cartoon Strike,2,AAA Medium Graphics
Uncharted Collection,0,AAA High Graphics
Uncharted 4: A Thiefs End,0,AAA High Graphics
Colt Canyon,1,Easy
Coffee Talk,3,Competitive/E-Sports
Call of Duty: Black Ops Cold War,0,AAA High Graphics
Call of Duty: Black Ops,0,AAA High Graphics
Cogret,2,AAA Medium Graphics
Corruption 2029,0,AAA High Graphics
"Cook, Serve, Delicious! 3",3,Competitive/E-Sports
Celestian Tales: Realms Beyond,3,Competitive/E-Sports
Borderlands 3 - Psycho Krieg and the Fantastic Fustercluck,0,AAA High Graphics
Drift19,2,AAA Medium Graphics
Druidstone: The Secret of the Menhir Forest,2,AAA Medium Graphics
Cthulhu: Books of Ancients,2,AAA Medium Graphics
Crunch Element,0,AAA High Graphics
Dark Raider,3,Competitive/E-Sports
Comanche,0,AAA High Graphics
Colony Siege,2,AAA Medium Graphics
Delores: A Thimbleweed Park Mini-Adventure,1,Easy
Deemo Reborn,0,AAA High Graphics
DEEEER Simulator: Your Average Everyday Deer Game,3,Competitive/E-Sports
Control: The Foundation,0,AAA High Graphics
Control: AWE,0,AAA High Graphics
Deathtrap Dungeon: The Interactive Video Adventure,3,Competitive/E-Sports
Death Come True,3,Competitive/E-Sports
Doctor Who: The Runaway,2,AAA Medium Graphics
Dunrog,2,AAA Medium Graphics
Dungeons of Edera,2,AAA Medium Graphics
Dungeon Defenders: Awakened,2,AAA Medium Graphics
Dual Gear,2,AAA Medium Graphics
Dual Gear,2,AAA Medium Graphics
Dual Gear,2,AAA Medium Graphics
Dual Gear,2,AAA Medium Graphics
Enlisted,0,AAA High Graphics
Escape Room VR: Inner Voices,0,AAA High Graphics
Epicinium,1,Easy
Death end re;Quest 2,2,AAA Medium Graphics
Endzone - A World Apart,2,AAA Medium Graphics
Enemy On Board,1,Easy
Flying Circus,2,AAA Medium Graphics
Florence,3,Competitive/E-Sports
God's Challenge,0,AAA High Graphics
Haven,2,AAA Medium Graphics
Crumbling World,3,Competitive/E-Sports
Inmost,1,Easy
Dog Duty,2,AAA Medium Graphics
Divinia Chronicles: Relics of Gan-Ti,3,Competitive/E-Sports
Lawnmower Game: Next Generation,2,AAA Medium Graphics
Hellbound,2,AAA Medium Graphics
Metro: Exodus - Sam's Story,0,AAA High Graphics
Mod and Play,2,AAA Medium Graphics
Immortals: Fenyx Rising,0,AAA High Graphics
Godking: Master of Rituals,0,AAA High Graphics
Möbius Front 83,1,Easy
Zero Killed,0,AAA High Graphics
InvaderSwarm,1,Easy
Legend of Keepers: Career of a Dungeon Master,3,Competitive/E-Sports
Medieval Dynasty,0,AAA High Graphics
Yakuza: Like A Dragon,0,AAA High Graphics
Crysis Remastered,0,AAA High Graphics
YesterMorrow,3,Competitive/E-Sports
"Yes, Your Grace",2,AAA Medium Graphics
X4: Split Vendetta,0,AAA High Graphics
Zelter,2,AAA Medium Graphics
Crusader Kings III,2,AAA Medium Graphics
Zball V,1,Easy
Wrest,2,AAA Medium Graphics
Zombie Army 4: Dead War,0,AAA High Graphics
Wunderling,3,Competitive/E-Sports
World Puzzle,1,Easy
Worms Rumble,2,AAA Medium Graphics
XIII Remake,0,AAA High Graphics
Godfall,0,AAA High Graphics
Zero Hour,0,AAA High Graphics
World of Contraptions,3,Competitive/E-Sports
Wolflord - Werewolf Online,1,Easy
Withstand: Survival,0,AAA High Graphics
Xuan-Yuan Sword VII,0,AAA High Graphics
World of Horror,3,Competitive/E-Sports
Wire Lips,2,AAA Medium Graphics
Wintermoor Tactics Club,3,Competitive/E-Sports
Wingspan,3,Competitive/E-Sports
Wing of Misadventure,1,Easy
XCOM: Chimera Squad,2,AAA Medium Graphics
Windbound,2,AAA Medium Graphics
Wildfire,3,Competitive/E-Sports
Wild West and Wizards,3,Competitive/E-Sports
When The Past Was Around,3,Competitive/E-Sports
Worldwide Sports Fishing,2,AAA Medium Graphics
Westmark Manor,2,AAA Medium Graphics
What The Golf?,3,Competitive/E-Sports
Werewolf: The Apocalypse - Heart of the Forest,3,Competitive/E-Sports
Welcome to Elk,3,Competitive/E-Sports
World of Warcraft: Shadowlands,0,AAA High Graphics
Wasteland Remastered,3,Competitive/E-Sports
Warsworn: Dragon of Japan,0,AAA High Graphics
Weakless,2,AAA Medium Graphics
WarriOrb,2,AAA Medium Graphics
Wasteland 3,0,AAA High Graphics
Winter Resort Simulator Season 2,2,AAA Medium Graphics
Warhammer Underworlds: Online,2,AAA Medium Graphics
Warframe: Heart of Deimos,3,Competitive/E-Sports
Watch Dogs Legion,0,AAA High Graphics
Warfare 1944,0,AAA High Graphics
Warcraft 3: Reforged,1,Easy
Warborn,3,Competitive/E-Sports
War Room,0,AAA High Graphics
War Remains,0,AAA High Graphics
War Identity,0,AAA High Graphics
Warm Village,2,AAA Medium Graphics
VTube Studio,3,Competitive/E-Sports
Voidspace,1,Easy
VirtuaVerse,1,Easy
Virtual Battlegrounds,0,AAA High Graphics
Vigil: The Longest Night,1,Easy
Veterans Online,2,AAA Medium Graphics
West of Dead,0,AAA High Graphics
Warlander,0,AAA High Graphics
Veritas,1,Easy
Vaporum: Lockdown,3,Competitive/E-Sports
Vampire: The Masquerade - Shadows of New York,3,Competitive/E-Sports
Vampire's Fall: Origins,3,Competitive/E-Sports
Valhall: Harbinger,0,AAA High Graphics
Valgrave: Immortal Plains,3,Competitive/E-Sports
Vagrus - The Riven Realms,3,Competitive/E-Sports
V1RUZ,2,AAA Medium Graphics
Waking,0,AAA High Graphics
Urtuk: The Desolation,1,Easy
Uppers,3,Competitive/E-Sports
Unto The End,2,AAA Medium Graphics
Unicorn Dream,1,Easy
Under: Depths of Fear,2,AAA Medium Graphics
Ultramegon,3,Competitive/E-Sports
Ultrakill,3,Competitive/E-Sports
Ultimo Reino,3,Competitive/E-Sports
UFO: Brawlers from Beyond,2,AAA Medium Graphics
Two Point Hospital: Off The Grid,2,AAA Medium Graphics
Twin Mirror,2,AAA Medium Graphics
TT Isle of Man - Ride on the Edge 2,0,AAA High Graphics
Valorant,3,Competitive/E-Sports
Truck and Logistics Simulator,2,AAA Medium Graphics
Trials of Mana,2,AAA Medium Graphics
Travellers Rest,3,Competitive/E-Sports
Trapped Guys,1,Easy
Transport INC,3,Competitive/E-Sports
Transient,2,AAA Medium Graphics
TramSim,0,AAA High Graphics
Train Station Renovation,2,AAA Medium Graphics
Train Sim World 2,0,AAA High Graphics
Tour de France 2020,2,AAA Medium Graphics
Touhou Mechanical Scrollery,2,AAA Medium Graphics
Total War: Three Kingdoms - Mandate of Heaven,0,AAA High Graphics
Total War Saga: Troy,2,AAA Medium Graphics
Total Tank Simulator,2,AAA Medium Graphics
URUZ Return of The Er Kishi,0,AAA High Graphics
TrackMania Nations Remake,3,Competitive/E-Sports
Total War: Three Kingdoms - The Furious Wild,0,AAA High Graphics
Total War: Three Kingdoms - A World Betrayed,0,AAA High Graphics
Total Lockdown,2,AAA Medium Graphics
Timelie,3,Competitive/E-Sports
Tony Hawks Pro Skater 1 and 2,0,AAA High Graphics
Tinkertown,3,Competitive/E-Sports
Time To Stop Time,2,AAA Medium Graphics
Through the Darkest of Times,3,Competitive/E-Sports
This is the Zodiac Speaking,3,Competitive/E-Sports
There Is No Game: Wrong Dimension,3,Competitive/E-Sports
Those Who Remain,2,AAA Medium Graphics
Torque Drift,0,AAA High Graphics
The Walking Dead Onslaught,0,AAA High Graphics
Torchlight 3,2,AAA Medium Graphics
The VR Canyon,0,AAA High Graphics
The White Door,1,Easy
The Waylanders,0,AAA High Graphics
The Watchers,0,AAA High Graphics
Thems Fightin Herds,1,Easy
The Viking Way,0,AAA High Graphics
The Unexpected Quest,3,Competitive/E-Sports
The Uncertain: Light At The End,0,AAA High Graphics
The Yellow King,0,AAA High Graphics
The Wind Road,0,AAA High Graphics
Time Golf Squad,1,Easy
The Survivalists,3,Competitive/E-Sports
The Supper,3,Competitive/E-Sports
The Solitaire Conspiracy,3,Competitive/E-Sports
The Sims 4 Star Wars: Journey to Batuu,3,Competitive/E-Sports
The Wizards - Dark Times,0,AAA High Graphics
The Sojourn,2,AAA Medium Graphics
The Slormancer,3,Competitive/E-Sports
The Signifier,0,AAA High Graphics
The Shattering,0,AAA High Graphics
The Room VR: A Dark Matter,0,AAA High Graphics
The Rat Project,3,Competitive/E-Sports
The Pedestrian,2,AAA Medium Graphics
The Suicide of Rachel Foster,0,AAA High Graphics
The Stranger VR,0,AAA High Graphics
The Walking Dead: Saints And Sinners,0,AAA High Graphics
The Missing Few,0,AAA High Graphics
The Pathless,3,Competitive/E-Sports
The Longing,1,Easy
The Outer Worlds: Peril on Gorgon,0,AAA High Graphics
The Orb Chambers Remastered,1,Easy
The Legend of HyperStar,0,AAA High Graphics
The Jungle,2,AAA Medium Graphics
The Innsmouth Case,2,AAA Medium Graphics
The Light Remake,2,AAA Medium Graphics
The Heroic Legend of Eagarlnia,0,AAA High Graphics
The Hand of Glory,1,Easy
The Gateway Trilogy,1,Easy
The Last Show of Mr. Chardish,2,AAA Medium Graphics
The Feud: Wild West Tactics,3,Competitive/E-Sports
The Divine Invasion,0,AAA High Graphics
The Elder Scrolls Online: Greymoor,2,AAA Medium Graphics
The Dungeon Paradox,0,AAA High Graphics
The Jackbox Party Pack 7,3,Competitive/E-Sports
The House of Da Vinci 2,2,AAA Medium Graphics
The Dark Crystal: Age of Resistance Tactics,2,AAA Medium Graphics
The Dark Eye: Book of Heroes,2,AAA Medium Graphics
The Catch: Carp And Coarse,2,AAA Medium Graphics
The Blind Prophet,3,Competitive/E-Sports
The Curse of Kubel,3,Competitive/E-Sports
The Flower Collectors,2,AAA Medium Graphics
The Falconeer,0,AAA High Graphics
The Dungeon Of Naheulbeuk: The Amulet Of Chaos,2,AAA Medium Graphics
The Henry Stickmin Collection,3,Competitive/E-Sports
The Black Masses,0,AAA High Graphics
The Beasts Of 9500,0,AAA High Graphics
The Battle of Polytopia,3,Competitive/E-Sports
The Dark Pictures: Little Hope,0,AAA High Graphics
The Dark Pictures Anthology: Little Hope,0,AAA High Graphics
The Alto Collection,3,Competitive/E-Sports
The Ambassador: Fractured Timelines,1,Easy
The Almost Gone,3,Competitive/E-Sports
The Academy: The First Riddle,3,Competitive/E-Sports
Tesla Force,3,Competitive/E-Sports
Terra Randoma,3,Competitive/E-Sports
The Adventures of 00 Dilly,2,AAA Medium Graphics
Tears of Avia,1,Easy
Teardown,0,AAA High Graphics
Tennis World Tour 2,2,AAA Medium Graphics
Tenderfoot Tactics,3,Competitive/E-Sports
Taurus VR,0,AAA High Graphics
Taur,2,AAA Medium Graphics
Tabletop Playground,0,AAA High Graphics
Table Manners: Physics-Based Dating Game,0,AAA High Graphics
Synergia,1,Easy
Terje Haakonsens Powder VR,0,AAA High Graphics
Swords n Magic and Stuff,0,AAA High Graphics
Tanuki Sunset,3,Competitive/E-Sports
Tank Mechanic Simulator,0,AAA High Graphics
Tamarin,2,AAA Medium Graphics
Sword Rogue,1,Easy
Sword Art Online: Alicization Lycoris,0,AAA High Graphics
Suzerain,1,Easy
Surviving the Aftermath,2,AAA Medium Graphics
Surviving Medieval,3,Competitive/E-Sports
Tell Me Why,0,AAA High Graphics
Survive the Blackout,3,Competitive/E-Sports
Survivalist: Invisible Strain,3,Competitive/E-Sports
Superhot: Mind Control Delete,2,AAA Medium Graphics
The Binding of Isaac: Repentance,2,AAA Medium Graphics
Super Crush KO,3,Competitive/E-Sports
Summer Memories,3,Competitive/E-Sports
Sumerians,2,AAA Medium Graphics
Subway Simulator,3,Competitive/E-Sports
Struggling,2,AAA Medium Graphics
Strobophagia | Rave Horror,2,AAA Medium Graphics
STRIDE,0,AAA High Graphics
Streets of Rage 4,2,AAA Medium Graphics
Streets Of Kamurocho,3,Competitive/E-Sports
Street Power Football,2,AAA Medium Graphics
Surgeon Simulator 2,2,AAA Medium Graphics
Temtem,2,AAA Medium Graphics
Super Mega Baseball 3,2,AAA Medium Graphics
Summer in Mara,2,AAA Medium Graphics
Strategic Mind: Blitzkrieg,3,Competitive/E-Sports
Storage Kings,0,AAA High Graphics
Stoneshard,1,Easy
Stone Rage,0,AAA High Graphics
Stormworks: Build and Rescue,2,AAA Medium Graphics
Stirring Abyss,1,Easy
Stellaris: Federations,3,Competitive/E-Sports
Stealthy Ninja,3,Competitive/E-Sports
State Of Decay 2: Juggernaut Edition,2,AAA Medium Graphics
Starship EVO,0,AAA High Graphics
Starena,3,Competitive/E-Sports
Star Wars: Squadrons,0,AAA High Graphics
Star Sonata 2,3,Competitive/E-Sports
Story Of Seasons: Friends Of Mineral Town,3,Competitive/E-Sports
Starport Delta,0,AAA High Graphics
StarCrossed (2020),2,AAA Medium Graphics
SpongeBob SquarePants: Battle for Bikini Bottom - Rehydrated,2,AAA Medium Graphics
Spellbreak,2,AAA Medium Graphics
Speaking Simulator,2,AAA Medium Graphics
Spirit of the North,2,AAA Medium Graphics
SPACERIFT: Arcanum System,3,Competitive/E-Sports
Spelunky 2,3,Competitive/E-Sports
Space Station Continuum,3,Competitive/E-Sports
Space Haven,3,Competitive/E-Sports
Space Crew,2,AAA Medium Graphics
Soul Axiom Rebooted,2,AAA Medium Graphics
Sorry For What?,3,Competitive/E-Sports
Sometimes Always Monsters,1,Easy
Someday Youll Return,0,AAA High Graphics
Soldat 2,1,Easy
Zombies Ate My Neighbors and Ghoul Patrol,3,Competitive/E-Sports
Soccer Manager 2020,1,Easy
SMUSH.TV - Competitive VR x PC Action,0,AAA High Graphics
YUME,0,AAA High Graphics
Skyhill: Black Mist,3,Competitive/E-Sports
Sky Haven,2,AAA Medium Graphics
Solasta: Crown of the Magister,0,AAA High Graphics
Soda Dungeon 2,3,Competitive/E-Sports
Skul: The Hero Slayer,2,AAA Medium Graphics
Shopkeepers Tale,3,Competitive/E-Sports
Ys IX: Monstrum Nox,2,AAA Medium Graphics
Youtubers Life 2,0,AAA High Graphics
Your Chronicle,3,Competitive/E-Sports
Yaga,3,Competitive/E-Sports
X4: Cradle of Humanity,0,AAA High Graphics
Shiro,1,Easy
Shing!,3,Competitive/E-Sports
Shieldwall,0,AAA High Graphics
Shank n Bake,1,Easy
SnowRunner,0,AAA High Graphics
Shanghai Office Simulator,3,Competitive/E-Sports
Shadow Empire,1,Easy
Zanki Zero: Last Beginning,2,AAA Medium Graphics
Your Island -Kimi No Sima-,3,Competitive/E-Sports
Yooka-Laylee and the Impossible Lair,3,Competitive/E-Sports
YIIK: A Postmodern RPG,3,Competitive/E-Sports
Simulacra 2,0,AAA High Graphics
Zombieland: Double Tap - Road Trip,2,AAA Medium Graphics
Yakuza Remastered Collection,2,AAA Medium Graphics
Wrestling Empire,3,Competitive/E-Sports
WRC 10 FIA World Rally Championship,0,AAA High Graphics
Wushu Chronicles 2,2,AAA Medium Graphics
WRC 9 FIA World Rally Championship,0,AAA High Graphics
Wobbledogs,3,Competitive/E-Sports
Witchfire,0,AAA High Graphics
Sentinels of Freedom,2,AAA Medium Graphics
WolfTeam: Classic,3,Competitive/E-Sports
Shadow Arena,0,AAA High Graphics
Wolfenstein III,0,AAA High Graphics
Second Extinction,0,AAA High Graphics
SCP: The Foundation,2,AAA Medium Graphics
SCP: Escape Together,0,AAA High Graphics
ScourgeBringer,1,Easy
World War Z: Aftermath,2,AAA Medium Graphics
Samurai Shodown NeoGeo Collection,3,Competitive/E-Sports
Yakuza 5 Remastered,2,AAA Medium Graphics
Yakuza 4 Remastered,2,AAA Medium Graphics
Yakuza 3 Remastered,2,AAA Medium Graphics
XenoRaptor,1,Easy
Xenonauts 2,1,Easy
Wytchsun: Elleros Origins,0,AAA High Graphics
Sectors Edge,3,Competitive/E-Sports
WWE 2K20,0,AAA High Graphics
WRC 8: FIA World Rally Championship,2,AAA Medium Graphics
Wildermyth,3,Competitive/E-Sports
Wild Terra 2: New Lands,2,AAA Medium Graphics
Wigmund: The Return of the Hidden Knights,0,AAA High Graphics
What The Dub?!,3,Competitive/E-Sports
Werewolf: The Apocalypse - Earthblood,0,AAA High Graphics
Secret Government,3,Competitive/E-Sports
Werewolf: The Apocalypse,0,AAA High Graphics
Wave Break,0,AAA High Graphics
Samurai Jack: Battle Through Time,0,AAA High Graphics
Saints Row 3 Remastered,0,AAA High Graphics
Saint Kotar: The Yellow Mask,3,Competitive/E-Sports
Wrath: Aeon of Ruin,3,Competitive/E-Sports
Sam and Max Save the World Remastered,3,Competitive/E-Sports
Sakuna: Of Rice and Ruin,0,AAA High Graphics
Saber Fight VR,0,AAA High Graphics
Woven,2,AAA Medium Graphics
Wolfenstein: Youngblood,0,AAA High Graphics
Watch Dogs Legion: Bloodline,0,AAA High Graphics
Wounded,0,AAA High Graphics
Warpips,2,AAA Medium Graphics
Warhammer Age of Sigmar: Storm Ground,0,AAA High Graphics
"Warhammer 40,000: Dakka Squadron - Flyboyz Edition",3,Competitive/E-Sports
Warehouse Tycoon,2,AAA Medium Graphics
War Mongrels,0,AAA High Graphics
Voxel Tycoon,3,Competitive/E-Sports
Viking Vengeance,2,AAA Medium Graphics
Veneficium,0,AAA High Graphics
Ruins Seeker,3,Competitive/E-Sports
Rugby League Team Manager 3,3,Competitive/E-Sports
Rugby 20,0,AAA High Graphics
World War Z,0,AAA High Graphics
RPG NPC Simulator VR,0,AAA High Graphics
Rover Mechanic Simulator,0,AAA High Graphics
Wolfenstein: Cyberpilot,0,AAA High Graphics
Within Whispers: The Fall,2,AAA Medium Graphics
Ruinarch,3,Competitive/E-Sports
Royal Rescue SRPG,1,Easy
World of Warcraft Classic,2,AAA Medium Graphics
Winter Resort Simulator,2,AAA Medium Graphics
Vedelem: The Golden Horde,0,AAA High Graphics
"Warhammer 40,000: Battlesector",2,AAA Medium Graphics
Vampire: The Masquerade - Swansong,0,AAA High Graphics
Windy Kingdom,2,AAA Medium Graphics
Wilmot's Warehouse,3,Competitive/E-Sports
Wide Cross,2,AAA Medium Graphics
Utawarerumono: Prelude to the Fallen,3,Competitive/E-Sports
RollerCoaster Tycoon 3: Complete Edition,3,Competitive/E-Sports
Röki,2,AAA Medium Graphics
Untrusted,1,Easy
Romance of the Three Kingdoms XIV,0,AAA High Graphics
Rocket Arena,2,AAA Medium Graphics
Westworld Awakening,0,AAA High Graphics
Robotics in VR,0,AAA High Graphics
Valheim,0,AAA High Graphics
Rogue Legacy 2,2,AAA Medium Graphics
Who Is This Man,3,Competitive/E-Sports
Weedcraft Inc,0,AAA High Graphics
Urban Explorer,2,AAA Medium Graphics
We Were Here Together,2,AAA Medium Graphics
Undying,2,AAA Medium Graphics
UNBEATABLE [white label],2,AAA Medium Graphics
Ultimate ADOM - Caverns of Chaos,3,Competitive/E-Sports
Rogue Company,2,AAA Medium Graphics
We. The Revolution,3,Competitive/E-Sports
Ultimate Summer,2,AAA Medium Graphics
Rock of Ages 3: Make & Break,0,AAA High Graphics
Robo Terror,1,Easy
Rival Stars Horse Racing: Desktop Edition,2,AAA Medium Graphics
Risk: Global Domination,1,Easy
Risk of Rain 2,2,AAA Medium Graphics
Rising Lords,3,Competitive/E-Sports
We Happy Few - They Came From Below,2,AAA Medium Graphics
We Happy Few - Lightbearer,2,AAA Medium Graphics
Wayward Souls,1,Easy
Until We Die,2,AAA Medium Graphics
Wattam,3,Competitive/E-Sports
Wartile,2,AAA Medium Graphics
Warsaw,2,AAA Medium Graphics
Warhammer: Vermintide 2 - Winds of Magic,0,AAA High Graphics
Warhammer: Chaosbane,0,AAA High Graphics
Ultimate Admiral: Age of Sail,0,AAA High Graphics
Tunic,3,Competitive/E-Sports
Warhammer: Chaos And Conquest,3,Competitive/E-Sports
"Warhammer 40,000: Inquisitor - Prophecy",2,AAA Medium Graphics
RIO - Raised In Oblivion,0,AAA High Graphics
Trucker's Dynasty - Cuba Libre,0,AAA High Graphics
Trigon: Space Story,2,AAA Medium Graphics
Tribes of Midgard,0,AAA High Graphics
Tribal Hunter,3,Competitive/E-Sports
Trials of Fire,0,AAA High Graphics
Trashed,0,AAA High Graphics
Toys And Physics,1,Easy
Ring of Pain,3,Competitive/E-Sports
Rift Wizard,1,Easy
Ride 4,0,AAA High Graphics
Riddle Joker,3,Competitive/E-Sports
RhythmDanceVR,2,AAA Medium Graphics
REZ PLZ,3,Competitive/E-Sports
Retrace,1,Easy
Resolutiion,3,Competitive/E-Sports
Resident Evil 3 Remake,2,AAA Medium Graphics
Wargroove,3,Competitive/E-Sports
Void Bastards,0,AAA High Graphics
Vicious Circle,0,AAA High Graphics
Vestaria Saga I: War of the Scions,1,Easy
Vane,0,AAA High Graphics
Vampire: The Masquerade - Coteries of New York,3,Competitive/E-Sports
Valfaris,1,Easy
Vacation Simulator,0,AAA High Graphics
Toy Tinker Simulator,2,AAA Medium Graphics
Toy Soldiers: HD,0,AAA High Graphics
Total War: Three Kingdoms - Fates Divided,0,AAA High Graphics
Tormented Souls,2,AAA Medium Graphics
Tom Clancys Splinter Cell (2017),0,AAA High Graphics
Tohu,3,Competitive/E-Sports
ReRoad,3,Competitive/E-Sports
Republique VR,0,AAA High Graphics
Remothered: Broken Porcelain,0,AAA High Graphics
Remnant: From the Ashes - Swamps of Corsus,0,AAA High Graphics
Remnant: From the Ashes - Subject 2923,0,AAA High Graphics
Relicta,2,AAA Medium Graphics
Red Bow,1,Easy
Receiver 2,2,AAA Medium Graphics
Until You Fall,0,AAA High Graphics
Unlucky Seven,2,AAA Medium Graphics
Unity of Command II,2,AAA Medium Graphics
Unheard,2,AAA Medium Graphics
UnderMine,3,Competitive/E-Sports
Uncharted Ocean,2,AAA Medium Graphics
Ultimate Fishing Simulator VR,0,AAA High Graphics
Two Worlds II HD - Shattered Embrace,3,Competitive/E-Sports
Two Worlds 2: Shattered Embrace,3,Competitive/E-Sports
Titanic: Honor and Glory,2,AAA Medium Graphics
Three Kingdoms The Last Warlord,3,Competitive/E-Sports
Realpolitiks II,2,AAA Medium Graphics
Re:Turn - One Way Trip,3,Competitive/E-Sports
The Tenants,0,AAA High Graphics
The Talos Principle 2,3,Competitive/E-Sports
Rebirth Online,3,Competitive/E-Sports
Ratropolis,3,Competitive/E-Sports
RAM Pressure,3,Competitive/E-Sports
Tinytopia,2,AAA Medium Graphics
TwinCop,2,AAA Medium Graphics
Truck Life,2,AAA Medium Graphics
Trover Saves the Universe,0,AAA High Graphics
Raji: An Ancient Epic,0,AAA High Graphics
Two Point Hospital: Pebberley Island,2,AAA Medium Graphics
Twin Peaks VR,0,AAA High Graphics
Truck Driver,2,AAA Medium Graphics
RBI Baseball 20,2,AAA Medium Graphics
The Surge 3,0,AAA High Graphics
The Sims 5,3,Competitive/E-Sports
The Shore,0,AAA High Graphics
The Settlers (2020),0,AAA High Graphics
The Riftbreaker,0,AAA High Graphics
Raiders! Forsaken Earth,1,Easy
Radio General,3,Competitive/E-Sports
Quaver,3,Competitive/E-Sports
Pumpkin Jack,2,AAA Medium Graphics
Quantum Suicide,3,Competitive/E-Sports
Trine 4: The Nightmare Prince,2,AAA Medium Graphics
Trials Rising,2,AAA Medium Graphics
Treater,2,AAA Medium Graphics
Travis Strikes Again: No More Heroes Complete Edition,0,AAA High Graphics
Transport Fever 2,0,AAA High Graphics
Tower Hunter: Erza's Trial,2,AAA Medium Graphics
Tropico 6,2,AAA Medium Graphics
Totally Baseball,0,AAA High Graphics
The Red Solstice 2: Survivors,2,AAA Medium Graphics
The Outlast Trials,0,AAA High Graphics
The Miserable Crimson Hooded Girl,1,Easy
The Room 4: Old Sins,3,Competitive/E-Sports
Quantum League,0,AAA High Graphics
The Magnificent Trufflepigs,0,AAA High Graphics
The Lord of the Rings: Gollum,0,AAA High Graphics
The Life and Suffering of Sir Brante,3,Competitive/E-Sports
Pulang: Insanity,2,AAA Medium Graphics
Propagation VR,0,AAA High Graphics
Prop and Seek,0,AAA High Graphics
Projection: First Light,3,Competitive/E-Sports
Project Wingman,0,AAA High Graphics
Project RTD: Random Tower Defense PvP,2,AAA Medium Graphics
Project Hedra,3,Competitive/E-Sports
Project Genesis,3,Competitive/E-Sports
Totally Accurate Battle Simulator,0,AAA High Graphics
Total War: Warhammer 2 - Tretch Craventail,2,AAA Medium Graphics
Total War: Warhammer 2 - Tiktaq'to,2,AAA Medium Graphics
Total War: Warhammer 2 - The Prophet and The Warlock,2,AAA Medium Graphics
Total War: Three Kingdoms - Yellow Turban Rebellion,0,AAA High Graphics
Total War: Three Kingdoms - Reign of Blood,0,AAA High Graphics
The Legend of Heroes: Trails of Cold Steel IV,2,AAA Medium Graphics
Timberborn,0,AAA High Graphics
The Last Stand Legacy Collection,3,Competitive/E-Sports
The Invisible Hand,2,AAA Medium Graphics
The Gunk,3,Competitive/E-Sports
Project Amalthea: Battlegrounds,3,Competitive/E-Sports
Prodeus,2,AAA Medium Graphics
Project CARS 3,0,AAA High Graphics
The Legend of Heroes: Sen no Kiseki III,2,AAA Medium Graphics
Position,0,AAA High Graphics
Port Royale 4,0,AAA High Graphics
Praetorians - HD Remaster,3,Competitive/E-Sports
Post Void,2,AAA Medium Graphics
Total War: Three Kingdoms - Eight Princes,0,AAA High Graphics
Total War: Three Kingdoms,0,AAA High Graphics
Total War Warhammer 2 - The Hunter and The Beast,2,AAA Medium Graphics
Primal Light,3,Competitive/E-Sports
Top Speed 2: Racing Legends,3,Competitive/E-Sports
The Good Life (2021),0,AAA High Graphics
Tokyo Ghoul: re Call to Exist,2,AAA Medium Graphics
Total War Saga: Fall of the Samurai,3,Competitive/E-Sports
The Fermi Paradox,1,Easy
Porsche Hall of Legends VR,0,AAA High Graphics
Popup Dungeon,2,AAA Medium Graphics
Population: One,0,AAA High Graphics
Population Zero,0,AAA High Graphics
Tools Up!,3,Competitive/E-Sports
The Jackbox Party Pack 8,3,Competitive/E-Sports
The Fabled Woods,0,AAA High Graphics
Polygon,0,AAA High Graphics
TO4: Tactical Operations,0,AAA High Graphics
Polyforce WW2,2,AAA Medium Graphics
Poly Bridge 2,3,Competitive/E-Sports
Tip of the Spear: Task Force Elite,2,AAA Medium Graphics
Tiny Tanks,3,Competitive/E-Sports
Time Squared,2,AAA Medium Graphics
Tides of Existence,2,AAA Medium Graphics
Thief Simulator VR,0,AAA High Graphics
They Are Billions,2,AAA Medium Graphics
This War of Mine: Stories - Fading Embers (ep. 3),3,Competitive/E-Sports
ToeJam & Earl: Back in the Groove,3,Competitive/E-Sports
The Day Before,0,AAA High Graphics
The Darkside Detective: A Fumble in the Dark,1,Easy
The Dark Pictures: House of Ashes,0,AAA High Graphics
The Artful Escape,0,AAA High Graphics
Phogs!,2,AAA Medium Graphics
Phasmophobia,0,AAA High Graphics
Phantom Brigade,2,AAA Medium Graphics
The Sphere of Abyss,3,Competitive/E-Sports
Playne VR,0,AAA High Graphics
The Medium,0,AAA High Graphics
Phantom: Covert Ops,3,Competitive/E-Sports
PGA Tour 2K21,2,AAA Medium Graphics
The Surge 2,0,AAA High Graphics
Pixel Strike 3D,1,Easy
The Architect: Paris,0,AAA High Graphics
The Bus,0,AAA High Graphics
The Occupation,3,Competitive/E-Sports
The Lost VR,0,AAA High Graphics
The Anacrusis,0,AAA High Graphics
The Ascent,0,AAA High Graphics
The Lord of the Rings: Adventure Card Game,3,Competitive/E-Sports
The Lego Movie 2 Videogame,1,Easy
The Outer Worlds,0,AAA High Graphics
TasteMaker: Restaurant Simulator,3,Competitive/E-Sports
Test Drive Unlimited Solar Crown,0,AAA High Graphics
Persona 4 Golden,3,Competitive/E-Sports
Per Aspera,0,AAA High Graphics
The Sinking City,0,AAA High Graphics
Peaky Blinders: Mastermind,2,AAA Medium Graphics
Paw Paw Paw,1,Easy
Paycheck: City RPG,3,Competitive/E-Sports
Pendragon,3,Competitive/E-Sports
Teamfight Manager,3,Competitive/E-Sports
The Legend of Heroes: Trails of Cold Steel III,2,AAA Medium Graphics
Tetris Effect: Connected,0,AAA High Graphics
The Legend of Bum-Bo,3,Competitive/E-Sports
THE LAST PLAYER:VR Battle Royale,0,AAA High Graphics
The Jackbox Party Pack 6,3,Competitive/E-Sports
The Great Perhaps,3,Competitive/E-Sports
The Forgettable Dungeon,1,Easy
The Fisherman - Fishing Planet,2,AAA Medium Graphics
Tasomachi,0,AAA High Graphics
TaleSpire,3,Competitive/E-Sports
Tales of Arise,0,AAA High Graphics
Tale of Immortal,3,Competitive/E-Sports
Tainted Grail: Conquest,0,AAA High Graphics
Tadpole Tales,0,AAA High Graphics
System Shock Remake,0,AAA High Graphics
Paws and Soul,2,AAA Medium Graphics
Swords of Legends Online,0,AAA High Graphics
Sword of the Necromancer,3,Competitive/E-Sports
Pattern,1,Easy
Path of Wuxia,0,AAA High Graphics
Path of Giants,3,Competitive/E-Sports
Partisans 1941,2,AAA Medium Graphics
Parkasaurus,3,Competitive/E-Sports
Paradise Killer,0,AAA High Graphics
The Endless Mission,0,AAA High Graphics
The Elder Scrolls Online: Elsweyr,2,AAA Medium Graphics
Paranoia: Deliver Me,3,Competitive/E-Sports
The Division Heartland,2,AAA Medium Graphics
The Division 2,2,AAA Medium Graphics
The Curious Tale of the Stolen Pets,0,AAA High Graphics
The Bradwell Conspiracy,0,AAA High Graphics
Sweet House,1,Easy
Survival: Lost Way,2,AAA Medium Graphics
Super Seducer 3: The Final Seduction,3,Competitive/E-Sports
Super Monkey Ball Banana Mania,3,Competitive/E-Sports
The Dark Pictures: Man of Medan,0,AAA High Graphics
Succubus,0,AAA High Graphics
Stronghold: Warlords,0,AAA High Graphics
SuchArt: Creative Space,3,Competitive/E-Sports
Strategic Mind: Fight for Freedom,2,AAA Medium Graphics
Subverse,2,AAA Medium Graphics
Papetura,1,Easy
Panzer Paladin,3,Competitive/E-Sports
Panzer Dragoon: Remake,0,AAA High Graphics
Pangeon,3,Competitive/E-Sports
Pandora: Chains of Chaos,0,AAA High Graphics
Pacer,0,AAA High Graphics
Override 2: Super Mech League,2,AAA Medium Graphics
Overpass,2,AAA Medium Graphics
The Blackout Club,0,AAA High Graphics
The Beast Inside,2,AAA Medium Graphics
Terminator: Resistance,0,AAA High Graphics
The Bards Tale IV: Directors Cut,0,AAA High Graphics
The Alliance Alive HD Remastered,3,Competitive/E-Sports
Storybook Brawl,3,Competitive/E-Sports
Stormdivers,0,AAA High Graphics
Panzer Corps 2,2,AAA Medium Graphics
Terminal,0,AAA High Graphics
Starmancer,3,Competitive/E-Sports
Squadron 42,0,AAA High Graphics
Star Dynasties,2,AAA Medium Graphics
Overcrowd: A Commute Em Up,0,AAA High Graphics
Outward - The Soroboreans,2,AAA Medium Graphics
Outside,2,AAA Medium Graphics
Out of the Park Baseball 21,3,Competitive/E-Sports
Steel Division 2 - Burning Baltics,2,AAA Medium Graphics
Our Life: Beginnings And Always,1,Easy
Out of Reach: Treasure Royale,0,AAA High Graphics
Our Secret Below,3,Competitive/E-Sports
Telling Lies,3,Competitive/E-Sports
Team Sonic Racing,0,AAA High Graphics
Orwells Animal Farm,1,Easy
Ortharion Project,2,AAA Medium Graphics
Tales of Vesperia: Definitive Edition,0,AAA High Graphics
SYNTHETIK: Arena,3,Competitive/E-Sports
Spellcaster University,3,Competitive/E-Sports
Speed Limit,3,Competitive/E-Sports
Spacebase Startopia,2,AAA Medium Graphics
Space Mechanic Simulator,2,AAA Medium Graphics
Ori and the Will of the Wisps,2,AAA Medium Graphics
Soviet Space Engineers,0,AAA High Graphics
Source of Madness,2,AAA Medium Graphics
Soul Dossier,2,AAA Medium Graphics
Song of Farca,0,AAA High Graphics
Taste of Power,2,AAA Medium Graphics
Othercide,0,AAA High Graphics
Orangeblood,3,Competitive/E-Sports
Ooblets,3,Competitive/E-Sports
Onee Chanbara ORIGIN,2,AAA Medium Graphics
One Punch Man: A Hero Nobody Knows,2,AAA Medium Graphics
One Piece: Pirate Warriors 4,0,AAA High Graphics
OMORI,3,Competitive/E-Sports
One Step From Eden,3,Competitive/E-Sports
Surviving Mars: Green Planet,0,AAA High Graphics
Super Meat Boy Forever,3,Competitive/E-Sports
Test Game 1,2,AAA Medium Graphics
Sunless Skies,1,Easy
Survival Camp,0,AAA High Graphics
Super Monkey Ball: Banana Blitz HD,3,Competitive/E-Sports
Subnautica: Below Zero,2,AAA Medium Graphics
Solar Ash Kingdom,3,Competitive/E-Sports
Snowtopia: Ski Resort Tycoon,2,AAA Medium Graphics
Sniper Ghost Warrior Contracts 2,0,AAA High Graphics
Smoots Summer Games - First Training,3,Competitive/E-Sports
Smoots Summer Games,3,Competitive/E-Sports
SLUDGE LIFE,3,Competitive/E-Sports
STORY OF SEASONS: Pioneers of Olive Town,0,AAA High Graphics
Sniper Elite VR,0,AAA High Graphics
Slipways,2,AAA Medium Graphics
Old Gods Rising,3,Competitive/E-Sports
October Night Games,3,Competitive/E-Sports
Obey Me,3,Competitive/E-Sports
Obsurity,3,Competitive/E-Sports
Observer: System Redux,0,AAA High Graphics
Not For Broadcast,2,AAA Medium Graphics
Northern Lights,0,AAA High Graphics
Subdivision Infinity DX,2,AAA Medium Graphics
Stormland,0,AAA High Graphics
Stygian: Reign of the Old Ones,2,AAA Medium Graphics
Stratoscape,0,AAA High Graphics
Stranger Things 3: The Game,3,Competitive/E-Sports
Stranded Sails: Explorers of the Cursed Islands,3,Competitive/E-Sports
Still There,2,AAA Medium Graphics
Steep: Rocket Wings,0,AAA High Graphics
Occupy Mars: The Game,0,AAA High Graphics
Skeletal Avenger,3,Competitive/E-Sports
Slappyball,0,AAA High Graphics
Siralim Ultimate,3,Competitive/E-Sports
Skydome,2,AAA Medium Graphics
Siege Survival: Gloria Victis,2,AAA Medium Graphics
No Place Like Home,3,Competitive/E-Sports
Nine Witches: Family Disruption,3,Competitive/E-Sports
Silent Hill 2021,0,AAA High Graphics
Sky Climbers,0,AAA High Graphics
Nimbatus - The Space Drone Constructor,3,Competitive/E-Sports
Steel Division 2,2,AAA Medium Graphics
Night Of The Living Dead VR,0,AAA High Graphics
Nexomon: Extinction,3,Competitive/E-Sports
Steambirds Alliance,2,AAA Medium Graphics
Stay Silent,0,AAA High Graphics
Stars End,2,AAA Medium Graphics
Starpoint Gemini 3,0,AAA High Graphics
NewCity,0,AAA High Graphics
Shin Megami Tensei III Nocturne HD Remaster,3,Competitive/E-Sports
Shores Unknown,2,AAA Medium Graphics
Sherlock Holmes Chapter One,0,AAA High Graphics
Sheltered 2,0,AAA High Graphics
Shelter 3,1,Easy
Shadow Man Remastered,3,Competitive/E-Sports
Nickelodeon Kart Racers 2: Grand Prix,0,AAA High Graphics
Skellboy Refractured,3,Competitive/E-Sports
Need for Speed: Hot Pursuit Remastered,2,AAA Medium Graphics
Sex with the Devil,2,AAA Medium Graphics
Senua's Saga: Hellblade II,0,AAA High Graphics
Neversong,3,Competitive/E-Sports
Necronator: Dead Wrong,1,Easy
Neon Abyss,3,Competitive/E-Sports
Necromunda: Underhive Wars,0,AAA High Graphics
Stay Out,0,AAA High Graphics
Nascar Heat 5,0,AAA High Graphics
My Name is Sarah,0,AAA High Graphics
Starborne,0,AAA High Graphics
Star Wars: Jedi - Fallen Order,0,AAA High Graphics
Star Conflict - Return from the Stars,1,Easy
Necrobarista,2,AAA Medium Graphics
NBA 2K21,2,AAA Medium Graphics
My Hero Ones Justice 2,2,AAA Medium Graphics
Star Conflict - Into The Unknown,1,Easy
Star Conflict - Pilgrim,1,Easy
Scrapnaut,2,AAA Medium Graphics
SCP Strategy,2,AAA Medium Graphics
Star Conflict - A Big Step For Mankind,1,Easy
Saviors of Sapphire Wings / Stranger of Sword City Revisited,3,Competitive/E-Sports
Mr. Parkour,1,Easy
My Beautiful Paper Smile,3,Competitive/E-Sports
Scavengers,0,AAA High Graphics
Mr. Parkour 2,1,Easy
MXGP 2020 - The Official Motocross Videogame,0,AAA High Graphics
Scott Pilgrim vs. The World: The Game Complete Edition,3,Competitive/E-Sports
Mortal Shell,0,AAA High Graphics
Splitgate,0,AAA High Graphics
Scarlet Nexus,0,AAA High Graphics
Mount and Blade 2: Bannerlord,2,AAA Medium Graphics
MotoRun,1,Easy
MotoGP 20,0,AAA High Graphics
Spirit Hunter: NG,2,AAA Medium Graphics
Spider-Man: Far From Home Virtual Reality,2,AAA Medium Graphics
Spellforce 3: Soul Harvest,0,AAA High Graphics
Spectro,2,AAA Medium Graphics
Sapper - Defuse The Bomb Simulator,0,AAA High Graphics
Saints Row 5,2,AAA Medium Graphics
Rustler,0,AAA High Graphics
Rubber Bandits: Summer Prologue,3,Competitive/E-Sports
Rubber Bandits,3,Competitive/E-Sports
Morbid: The Seven Acolytes,3,Competitive/E-Sports
Monster Viator,3,Competitive/E-Sports
Monster Truck Championship,0,AAA High Graphics
Monster Train,3,Competitive/E-Sports
Monster Prom 2: Monster Camp,3,Competitive/E-Sports
Monster Crown,3,Competitive/E-Sports
Moe Era,3,Competitive/E-Sports
Model Kit Simulator VR,2,AAA Medium Graphics
Spare Teeth VR,2,AAA Medium Graphics
Spaceland,3,Competitive/E-Sports
Space Company Simulator,2,AAA Medium Graphics
Song of Horror,0,AAA High Graphics
SolSeraph,3,Competitive/E-Sports
Sole,0,AAA High Graphics
Snooker 19,2,AAA Medium Graphics
Sniper: Ghost Warrior Contracts,0,AAA High Graphics
Monster Energy Supercross - The Official Videogame 3,0,AAA High Graphics
Ronin: Two Souls,0,AAA High Graphics
Roguebook,2,AAA Medium Graphics
Rogue State Revolution,0,AAA High Graphics
Rogue Lords,2,AAA Medium Graphics
Mommy,1,Easy
SaGa Frontier Remastered,3,Competitive/E-Sports
Rogue Heroes: Ruins of Tasos,1,Easy
Rogue Glitch,3,Competitive/E-Sports
MMORPG Tycoon 2,3,Competitive/E-Sports
Sable,2,AAA Medium Graphics
Sniper Elite V2: Remastered,3,Competitive/E-Sports
Six Ages: Ride Like the Wind,1,Easy
Sinister Halloween,0,AAA High Graphics
Riders Republic,0,AAA High Graphics
Silver Chains,0,AAA High Graphics
Signal Decay,1,Easy
Showdown Bandit,2,AAA Medium Graphics
Shovel Knight: King of Cards,1,Easy
Rhythm Doctor,3,Competitive/E-Sports
RiMS Racing,0,AAA High Graphics
Revolution: The Spark,3,Competitive/E-Sports
Resident Evil 8,0,AAA High Graphics
Reshaping Mars,2,AAA Medium Graphics
Remnants,0,AAA High Graphics
Redout: Space Assault,2,AAA Medium Graphics
Mists of Noyah,3,Competitive/E-Sports
Ministry of Broadcast,3,Competitive/E-Sports
Miners Mettle,0,AAA High Graphics
Minecraft: Dungeons,0,AAA High Graphics
Microsoft Flight Simulator,0,AAA High Graphics
Shovel Knight Showdown,1,Easy
Smush.tv,0,AAA High Graphics
MindSeize,3,Competitive/E-Sports
Mighty Fight Federation,2,AAA Medium Graphics
Shortest Trip to Earth,2,AAA Medium Graphics
Shadow Brawlers,3,Competitive/E-Sports
Session: Skateboarding Sim Game,0,AAA High Graphics
ShockRods,0,AAA High Graphics
Shenmue 3,0,AAA High Graphics
Session,0,AAA High Graphics
Redmatch 2,3,Competitive/E-Sports
Red Faction Evolution,0,AAA High Graphics
Ready or Not,0,AAA High Graphics
Re:ZERO -Starting Life in Another World- The Prophecy of the Throne,0,AAA High Graphics
Ratchet and Clank: Rift Apart,0,AAA High Graphics
Ranch Simulator,0,AAA High Graphics
Rainbow Six: Quarantine,0,AAA High Graphics
Reminiscence,0,AAA High Graphics
Rainbow Six: Parasite,2,AAA Medium Graphics
Meteorfall: Krumits Tale,3,Competitive/E-Sports
Merchant of the Skies,1,Easy
Memories Off: Innocent Fille,2,AAA Medium Graphics
Metamorphosis,0,AAA High Graphics
Minecraft RTX,0,AAA High Graphics
Memories Off: Innocent Fille - For Dearest,2,AAA Medium Graphics
Sekiro: Shadows Die Twice,2,AAA Medium Graphics
Secret Neighbor,2,AAA Medium Graphics
Sea Salt,2,AAA Medium Graphics
SD Gundam G Generation Cross Rays,3,Competitive/E-Sports
SCP: Blackout,0,AAA High Graphics
Satisfactory,0,AAA High Graphics
Sea of Solitude,2,AAA Medium Graphics
Rainbow Billy: The Curse of the Leviathan,2,AAA Medium Graphics
Mega Man Zero/ZX Legacy Collection,2,AAA Medium Graphics
Rain on Your Parade,3,Competitive/E-Sports
Rain Island: Orange,0,AAA High Graphics
R-Type Final 2,0,AAA High Graphics
Quical,3,Competitive/E-Sports
Medal of Honor: Above and Beyond,0,AAA High Graphics
Mazovian Adventure,1,Easy
Master Bladesmith,0,AAA High Graphics
Master Arena,0,AAA High Graphics
S.T.A.L.K.E.R. Online,0,AAA High Graphics
Rune II,2,AAA Medium Graphics
Rugby Champions,1,Easy
Marvel's Avengers,0,AAA High Graphics
Rogue Heist,0,AAA High Graphics
Roah,3,Competitive/E-Sports
Ragnarock,0,AAA High Graphics
Samurai Shodown,0,AAA High Graphics
Rising Hell,1,Easy
Rise of Industry: 2130,2,AAA Medium Graphics
Ridiculous Rugby,1,Easy
Puyo Puyo Tetris 2,2,AAA Medium Graphics
Robotics;Notes Dash,3,Competitive/E-Sports
Retimed,3,Competitive/E-Sports
Quake,0,AAA High Graphics
Pulsar: Lost Colony,0,AAA High Graphics
Psychonauts 2,0,AAA High Graphics
Prison Simulator,0,AAA High Graphics
Prince of Persia: The Sands of Time Remake,0,AAA High Graphics
Zero Escape: The Nonary Games,3,Competitive/E-Sports
Mars Horizon,3,Competitive/E-Sports
Malicious Payload,0,AAA High Graphics
Main Assembly,2,AAA Medium Graphics
Marble Race,3,Competitive/E-Sports
Resident Evil Re:Verse,2,AAA Medium Graphics
Marble Age: Remastered,1,Easy
Maneater,0,AAA High Graphics
Maiden and Spell,3,Competitive/E-Sports
Prison Simulator: Prologue,0,AAA High Graphics
Priest Simulator,2,AAA Medium Graphics
Resident Evil 2 Remake,2,AAA Medium Graphics
Reiko's Fragments,0,AAA High Graphics
Marco & The Galaxy Dragon,3,Competitive/E-Sports
Red Faction: Guerrilla Re-Mars-tered,1,Easy
Rescue HQ - The Tycoon,2,AAA Medium Graphics
Remnant: From the Ashes,0,AAA High Graphics
Potentia,0,AAA High Graphics
Portal Reloaded,1,Easy
Refuge,2,AAA Medium Graphics
Redeemer: Enhanced Edition,0,AAA High Graphics
Playground VR,0,AAA High Graphics
Red Eclipse 2,3,Competitive/E-Sports
Pretend,1,Easy
Plasticalypse - Submarine Adventures,2,AAA Medium Graphics
Maid of Sker,0,AAA High Graphics
Phoenotopia: Awakening,3,Competitive/E-Sports
Planetside 3,0,AAA High Graphics
Yakuza Kiwami,3,Competitive/E-Sports
Mafia: Trilogy,0,AAA High Graphics
Yonder: The Cloud Catcher Chronicles,0,AAA High Graphics
Yomawari: Midnight Shadows,3,Competitive/E-Sports
Ylands,2,AAA Medium Graphics
Mad Experiments: Escape Room,0,AAA High Graphics
Rebel Cops,3,Competitive/E-Sports
Mafia 2: Definitive Edition,0,AAA High Graphics
Mafia: Definitive Edition,0,AAA High Graphics
Mafia 3: Definitive Edition,0,AAA High Graphics
Madden NFL 21,2,AAA Medium Graphics
Rebel Galaxy Outlaw,2,AAA Medium Graphics
Rebel Inc: Escalation,2,AAA Medium Graphics
Magnificent 5,0,AAA High Graphics
Payday 3,0,AAA High Graphics
Railroad Corporation,2,AAA Medium Graphics
Perfect Gold - Yuri Visual Novel,3,Competitive/E-Sports
RE:OZMA,2,AAA Medium Graphics
Pathfinder: Wrath of the Righteous,2,AAA Medium Graphics
Magic Lords: Multiplayer,3,Competitive/E-Sports
Re:Legend,2,AAA Medium Graphics
Rain of Reflections: Chapter 1,0,AAA High Graphics
XCOM 2 - War of the Chosen,2,AAA Medium Graphics
X-Plane 11,0,AAA High Graphics
WWE 2K18,0,AAA High Graphics
WRC 7: FIA World Rally Championship,0,AAA High Graphics
Wolfenstein II: The New Colossus,0,AAA High Graphics
Luna - The Shadow Dust,3,Competitive/E-Sports
Lumberjack's Dynasty,0,AAA High Graphics
Liberated,2,AAA Medium Graphics
Lumote,2,AAA Medium Graphics
Lucifer Within Us,3,Competitive/E-Sports
Live the Life,2,AAA Medium Graphics
Little Witch Nobeta,3,Competitive/E-Sports
Library Of Ruina,2,AAA Medium Graphics
Raccoo Venture,2,AAA Medium Graphics
Rage 2 - Rise of the Ghosts,0,AAA High Graphics
Rage 2,0,AAA High Graphics
Radio Commander,2,AAA Medium Graphics
RAD,0,AAA High Graphics
Pascals Wager: Definitive Edition,0,AAA High Graphics
Paranoid,0,AAA High Graphics
PUBG Lite,3,Competitive/E-Sports
Rabbids Coding,3,Competitive/E-Sports
Paradise Lost,0,AAA High Graphics
PaperCraft (2021),3,Competitive/E-Sports
Paper Tanks,3,Competitive/E-Sports
Wolfenstein II: The Freedom Chronicles - Episode 1,0,AAA High Graphics
Witch It,0,AAA High Graphics
Palia,0,AAA High Graphics
What Remains of Edith Finch,2,AAA Medium Graphics
Watch Dogs 2: No Compromise,0,AAA High Graphics
Watch Dogs 2: Human Conditions,0,AAA High Graphics
Later Daters,3,Competitive/E-Sports
Last Oasis,0,AAA High Graphics
Quake II RTX,0,AAA High Graphics
Langrisser,3,Competitive/E-Sports
Landlords Super,3,Competitive/E-Sports
Lair of the Clockwork God,2,AAA Medium Graphics
Kunai,3,Competitive/E-Sports
Kosmokrats,3,Competitive/E-Sports
Project Torque 2019,2,AAA Medium Graphics
Project RIP,2,AAA Medium Graphics
Project 5: Sightseer,0,AAA High Graphics
Project Winter,2,AAA Medium Graphics
Profane,2,AAA Medium Graphics
Prison Architect: Psych Ward,3,Competitive/E-Sports
Praey for the Gods,2,AAA Medium Graphics
Power Rangers: Battle for the Grid,2,AAA Medium Graphics
Potata: Chapter One,3,Competitive/E-Sports
Overcooked! All You Can Eat,3,Competitive/E-Sports
Overboard!,3,Competitive/E-Sports
Outriders,0,AAA High Graphics
Outer Wilds: Echoes of the Eye,0,AAA High Graphics
Orange Cast: Sci-Fi Space Action Game,2,AAA Medium Graphics
OPUS: Echo of Starsong,2,AAA Medium Graphics
Operation: Tango,2,AAA Medium Graphics
Warriors All-Stars,0,AAA High Graphics
Warhammer: End Times - Vermintide Stromdorf,0,AAA High Graphics
Warhammer: End Times - Vermintide Lorebook,0,AAA High Graphics
Warhammer: End Times - Vermintide Death on the Reik,0,AAA High Graphics
Warhammer 40000: Space Wolf,1,Easy
"Warhammer 40,000: Sanctus Reach",3,Competitive/E-Sports
VTOL VR,0,AAA High Graphics
VRChat,0,AAA High Graphics
Vikings - Wolves of Midgard,3,Competitive/E-Sports
Koi Unleashed,1,Easy
Kofi Quest: Alpha MOD,3,Competitive/E-Sports
Knock Harder: Useless,1,Easy
Knock Harder,1,Easy
KnightOut,3,Competitive/E-Sports
Knockout Party (2020),2,AAA Medium Graphics
Kingdoms Reborn,2,AAA Medium Graphics
Kingdom Under Fire: The Crusaders,3,Competitive/E-Sports
Warface 2017: Türkiye,3,Competitive/E-Sports
Kingdom Rush Vengeance - Tower Defense,3,Competitive/E-Sports
Postal 4: No Regerts,3,Competitive/E-Sports
Post War Dreams,3,Competitive/E-Sports
Police Simulator: Patrol Duty,2,AAA Medium Graphics
Playcraft,2,AAA Medium Graphics
Plants vs Zombies: Battle for Neighborville,2,AAA Medium Graphics
PlanetSide Arena,0,AAA High Graphics
Planet Zoo,0,AAA High Graphics
Open Country,2,AAA Medium Graphics
OMFG: One Million Fatal Guns,2,AAA Medium Graphics
Olija,3,Competitive/E-Sports
Oddworld: Soulstorm,0,AAA High Graphics
NUTS,3,Competitive/E-Sports
NoseBound,0,AAA High Graphics
Kingdoms of Amalur: Re-Reckoning,2,AAA Medium Graphics
Urban Empire,3,Competitive/E-Sports
Ultimate General: Civil War,3,Competitive/E-Sports
Plutocracy,3,Competitive/E-Sports
KARDS - The WWII Card Game,3,Competitive/E-Sports
Juicy Memory Card,1,Easy
Kingdom Two Crowns: Dead Lands,3,Competitive/E-Sports
Kill It With Fire,0,AAA High Graphics
Ultimate Epic Battle Simulator,2,AAA Medium Graphics
Kandagawa Jet Girls,0,AAA High Graphics
Planet Coaster - Quick Draw Interactive Shooting Ride,0,AAA High Graphics
Journey to the Savage Planet,2,AAA Medium Graphics
Jinga Online,2,AAA Medium Graphics
Jet Lancer,3,Competitive/E-Sports
Planet Coaster - Ghostbusters,0,AAA High Graphics
Pirates Outlaws,2,AAA Medium Graphics
Pine,2,AAA Medium Graphics
Phoenix Wright: Ace Attorney Trilogy,2,AAA Medium Graphics
Phoenix Point,0,AAA High Graphics
Noch,0,AAA High Graphics
Oceans Heart,1,Easy
No More Room In Hell 2,0,AAA High Graphics
Two Worlds 2: Call of the Tenebrae,3,Competitive/E-Sports
Ninja Gaiden: Master Collection,3,Competitive/E-Sports
Troll and I,2,AAA Medium Graphics
Toukiden 2,2,AAA Medium Graphics
Train Sim World: CSX Heavy Haul,0,AAA High Graphics
Train Sim World 2020,0,AAA High Graphics
Pistol Whip,0,AAA High Graphics
Total War: Warhammer 2 - Mortal Empires,2,AAA Medium Graphics
Total War: Warhammer 2 - Blood for the Blood God II,2,AAA Medium Graphics
Plane Mechanic Simulator,2,AAA Medium Graphics
Norega,3,Competitive/E-Sports
ITTA,3,Competitive/E-Sports
Island Saga,3,Competitive/E-Sports
Planet Coaster - Classic Rides Collection,0,AAA High Graphics
Iris and the Giant,3,Competitive/E-Sports
Iron Danger,0,AAA High Graphics
Iron Armada,1,Easy
Pathway,3,Competitive/E-Sports
Pathologic 2,3,Competitive/E-Sports
Total War: Warhammer 2,2,AAA Medium Graphics
PC Building Simulator,3,Competitive/E-Sports
Paranoia: Happiness is Mandatory,0,AAA High Graphics
NieR: Automata 2,2,AAA Medium Graphics
NieR Replicant,0,AAA High Graphics
Total War: Warhammer - Old World Edition,2,AAA Medium Graphics
Jaws Of Extinction,0,AAA High Graphics
Nickelodeon All-Star Brawl,2,AAA Medium Graphics
Total War: Warhammer - Norsca,2,AAA Medium Graphics
Pathfinder: Kingmaker - Varnhold's Lot,2,AAA Medium Graphics
Pathfinder: Kingmaker - Beneath The Stolen Lands,2,AAA Medium Graphics
Total War: Warhammer - Bretonnia,2,AAA Medium Graphics
Torment: Tides of Numenera,3,Competitive/E-Sports
Pathfinder: Kingmaker - Arcane Unleashed,2,AAA Medium Graphics
Total War: Rome II - Empire Divided,3,Competitive/E-Sports
Iron Harvest,0,AAA High Graphics
Invasion Machine,2,AAA Medium Graphics
NIMBY Rails,2,AAA Medium Graphics
Isles of Adalar,0,AAA High Graphics
Tom Clancys Ghost Recon Wildlands - Narco Road,0,AAA High Graphics
Tokyo 42,3,Competitive/E-Sports
Infestation: Battle Royale,2,AAA Medium Graphics
In Other Waters,3,Competitive/E-Sports
Tom Clancys Ghost Recon Wildlands,0,AAA High Graphics
Industrial Petting,2,AAA Medium Graphics
Tokyo dark,3,Competitive/E-Sports
Infernal Radiation,3,Competitive/E-Sports
In A Search Of A New Home,3,Competitive/E-Sports
Imperiums: Greek Wars,3,Competitive/E-Sports
Pagui,2,AAA Medium Graphics
Pagan Peak VR,0,AAA High Graphics
Pagan Online,2,AAA Medium Graphics
Oval,0,AAA High Graphics
Outward,2,AAA Medium Graphics
Outer Wilds,0,AAA High Graphics
OrbusVR: Reborn,0,AAA High Graphics
Operencia: The Stolen Sun,0,AAA High Graphics
Ni No Kuni 3,0,AAA High Graphics
New World,0,AAA High Graphics
NEKOPARA - Catboys Paradise,3,Competitive/E-Sports
Nebuchadnezzar,3,Competitive/E-Sports
NBA 2K22,2,AAA Medium Graphics
Naraka: Bladepoint,0,AAA High Graphics
TINY METAL,3,Competitive/E-Sports
This War of Mine: Stories - Father's Promise (ep. 1),3,Competitive/E-Sports
Thimbleweed Park,1,Easy
theHunter: Call of the Wild,2,AAA Medium Graphics
The Wild Eight,3,Competitive/E-Sports
The Walking Dead: A New Frontier - Episode 3,1,Easy
Immortal Realms: Vampire Wars,0,AAA High Graphics
Immortal Legacy: The Jade Cipher,0,AAA High Graphics
Imagine Earth,1,Easy
Ikenfell,3,Competitive/E-Sports
Neurodeck : Psychological Deckbuilder,3,Competitive/E-Sports
NEOVERSE,3,Competitive/E-Sports
If Found,3,Competitive/E-Sports
ICBM,0,AAA High Graphics
I Am Your President: Prologue,3,Competitive/E-Sports
I Am Dead,2,AAA Medium Graphics
Hypercharge: Unboxed,2,AAA Medium Graphics
Opencast Mining,3,Competitive/E-Sports
Onset,2,AAA Medium Graphics
Oninaki,2,AAA Medium Graphics
Onimusha: Warlords Remaster,2,AAA Medium Graphics
One Finger Death Punch 2,2,AAA Medium Graphics
The Talos Principle VR,0,AAA High Graphics
Omsi 2 - München City,1,Easy
Olympic Games Tokyo 2020: The Official Video Game,2,AAA Medium Graphics
Naked and Afraid: The Game,0,AAA High Graphics
MythBusters: The Game - Crazy Experiments Simulator,0,AAA High Graphics
One Piece World Seeker,0,AAA High Graphics
Myst (2021),0,AAA High Graphics
Mutropolis,3,Competitive/E-Sports
Mushrooms: Forest Walker,0,AAA High Graphics
Mundaun,0,AAA High Graphics
Muck,2,AAA Medium Graphics
Mr. Prepper,2,AAA Medium Graphics
The Surge - A Walk in the Park,0,AAA High Graphics
The Surge,0,AAA High Graphics
The Signal From Tolva,0,AAA High Graphics
The Sexy Brutale,0,AAA High Graphics
The Painscreek Killings,2,AAA Medium Graphics
The Long Dark,2,AAA Medium Graphics
Omega Labyrinth Life,3,Competitive/E-Sports
HyperBrawl Tournament,2,AAA Medium Graphics
Hyper Scape,2,AAA Medium Graphics
Hydroneer,3,Competitive/E-Sports
Hunting Simulator 2,0,AAA High Graphics
Hunters Arena: Legends,0,AAA High Graphics
Humanity,0,AAA High Graphics
Human Simulator,2,AAA Medium Graphics
House on the Hill,2,AAA Medium Graphics
House Flipper VR,2,AAA Medium Graphics
Hot Shot Burn,1,Easy
The Pillars of the Earth,2,AAA Medium Graphics
Olimdal,2,AAA Medium Graphics
OhShape,0,AAA High Graphics
Observation,2,AAA Medium Graphics
Nostos,0,AAA High Graphics
Ninja Legends,0,AAA High Graphics
Motorcycle Mechanic Simulator 2021: Prologue,0,AAA High Graphics
Motorcycle Mechanic Simulator 2021,0,AAA High Graphics
MotoGP 21,0,AAA High Graphics
Moss: Book 2,0,AAA High Graphics
Moons of Ventocia,3,Competitive/E-Sports
Monstrum 2,0,AAA High Graphics
Monster Jam Steel Titans 2,3,Competitive/E-Sports
Monster Hunter Stories 2: Wings of Ruin,2,AAA Medium Graphics
Zone of the Enders: The 2nd Runner - Mars,2,AAA Medium Graphics
ZERONORTHZEROWEST,3,Competitive/E-Sports
Ys VIII: Lacrimosa of Dana,2,AAA Medium Graphics
Yokus Island Express,3,Competitive/E-Sports
Yakuza Zero,3,Competitive/E-Sports
Yakuza Kiwami 2,0,AAA High Graphics
The Jackbox Party Pack 4,3,Competitive/E-Sports
The Guild 3,2,AAA Medium Graphics
The Golf Club 2,2,AAA Medium Graphics
The Evil Within 2,0,AAA High Graphics
Hollow Head: Director's Cut,3,Competitive/E-Sports
Hiveswap: Act 2,3,Competitive/E-Sports
Himno - The Silent Melody,3,Competitive/E-Sports
Heroes Showdown,2,AAA Medium Graphics
Hero Must Die. Again,3,Competitive/E-Sports
Help Will Come Tomorrow,3,Competitive/E-Sports
Noita,3,Competitive/E-Sports
Night Call,2,AAA Medium Graphics
Hellpoint,2,AAA Medium Graphics
Hello Guest,0,AAA High Graphics
Ni no Kuni: Wrath of the White Witch Remastered,3,Competitive/E-Sports
New Frontier,0,AAA High Graphics
Neverinth,2,AAA Medium Graphics
Need For Speed Heat,0,AAA High Graphics
Hockey Manager 2020,3,Competitive/E-Sports
Need For Speed 2019,0,AAA High Graphics
NBA 2K20,2,AAA Medium Graphics
Naxia,0,AAA High Graphics
Monster Energy Supercross - The Official Videogame 4,0,AAA High Graphics
Model Builder,0,AAA High Graphics
MLB The Show 21,0,AAA High Graphics
Neon Tail,2,AAA Medium Graphics
Minute of Islands,0,AAA High Graphics
World War 3,0,AAA High Graphics
Yakuza 6: The Song of Life,0,AAA High Graphics
Neon Exile,0,AAA High Graphics
X4: Foundations,0,AAA High Graphics
World of Warcraft: Battle For Azeroth,2,AAA Medium Graphics
WWE 2K19,0,AAA High Graphics
Wreckfest,2,AAA Medium Graphics
The Escapists 2 - Glorious Regime Prison,2,AAA Medium Graphics
The Escapists 2,2,AAA Medium Graphics
The End is Nigh,3,Competitive/E-Sports
The Escapists 2 - Wicked Ward,2,AAA Medium Graphics
The Elder Scrolls Online: Morrowind,2,AAA Medium Graphics
The Elder Scrolls Legends,3,Competitive/E-Sports
The Division - Last Stand,0,AAA High Graphics
The Culling,2,AAA Medium Graphics
Helheim Hassle,3,Competitive/E-Sports
Heat,0,AAA High Graphics
Hearts of Iron IV: La Resistance,3,Competitive/E-Sports
Headshot VR,0,AAA High Graphics
Nauticrawl,2,AAA Medium Graphics
Nascar Heat 4,0,AAA High Graphics
Narcos: Rise of the Cartels,2,AAA Medium Graphics
Nancy Drew: Midnight in Salem,3,Competitive/E-Sports
N.E.O,0,AAA High Graphics
Mysteria ~Occult Shadows~,0,AAA High Graphics
My Time at Portia,2,AAA Medium Graphics
Mighty Goose,3,Competitive/E-Sports
MidKnight Story,0,AAA High Graphics
Nanotale - Typing Chronicles,2,AAA Medium Graphics
Metro Sim Hustle,0,AAA High Graphics
Metro 4,0,AAA High Graphics
METALLIC CHILD,2,AAA Medium Graphics
Metal Unit,2,AAA Medium Graphics
Wolfenstein II: The Freedom Chronicles - Episode 3,0,AAA High Graphics
Wolfenstein II: The Freedom Chronicles - Episode 2,0,AAA High Graphics
Wild West Online,0,AAA High Graphics
Where the Water Tastes Like Wine,3,Competitive/E-Sports
We Were Here Too,2,AAA Medium Graphics
We Happy Few,3,Competitive/E-Sports
The Crows Eye,1,Easy
Wizard of Legend,3,Competitive/E-Sports
Warhammer: Vermintide 2,0,AAA High Graphics
Tales of Berseria,3,Competitive/E-Sports
Take On Mars,3,Competitive/E-Sports
Tacoma,1,Easy
Hardspace: Shipbreaker,0,AAA High Graphics
My Friend Pedro,2,AAA Medium Graphics
Tannenberg,1,Easy
Syrian Warfare,2,AAA Medium Graphics
Hand Simulator: Horror,2,AAA Medium Graphics
Mutant Year Zero: Road to Eden - Seed of Evil,0,AAA High Graphics
Hammerting,2,AAA Medium Graphics
Halo: Combat Evolved Anniversary,2,AAA Medium Graphics
Halo 3: ODST,2,AAA Medium Graphics
Halo 2: Anniversary,2,AAA Medium Graphics
Mutazione,3,Competitive/E-Sports
MXGP 2019 - The Official Motocross Videogame,0,AAA High Graphics
Music Killer,0,AAA High Graphics
MotoGP 19,0,AAA High Graphics
Mosaic,2,AAA Medium Graphics
Tekken 7,0,AAA High Graphics
Metal Dogs,2,AAA Medium Graphics
Munchkin: Quacked Quest,2,AAA Medium Graphics
Metal Slug Tactics,2,AAA Medium Graphics
Mech Mechanic Simulator,0,AAA High Graphics
Mass Effect: Legendary Edition,0,AAA High Graphics
Mass Effect Trilogy Remastered,0,AAA High Graphics
Mass Effect Remake,0,AAA High Graphics
Mass Effect 3 Remastered,0,AAA High Graphics
Warhammer 40000: Mechanicus,2,AAA Medium Graphics
Warhammer 40000: Inquisitor Martyr,2,AAA Medium Graphics
War of Rights,3,Competitive/E-Sports
VR Kanojo,0,AAA High Graphics
Visage,2,AAA Medium Graphics
Vampyr,0,AAA High Graphics
Mecha Knights: Nightmare,0,AAA High Graphics
"Warhammer 40,000: Gladius - Relics of War",2,AAA Medium Graphics
Valkyria Chronicles 4,0,AAA High Graphics
Unravel 2,3,Competitive/E-Sports
Superdimension Neptune VS Sega Hard Girls,2,AAA Medium Graphics
Super Robot Wars V,3,Competitive/E-Sports
Super Lucky's Tale,0,AAA High Graphics
Half-Life: Alyx,0,AAA High Graphics
HAAK,2,AAA Medium Graphics
Guardians of the Ashes,3,Competitive/E-Sports
V-Rally 4,0,AAA High Graphics
Griefhelm,3,Competitive/E-Sports
Morels: The Hunt,2,AAA Medium Graphics
Mordhau,0,AAA High Graphics
Moons of Madness,0,AAA High Graphics
Grounded,0,AAA High Graphics
Monster Sanctuary,1,Easy
Mortal Kombat 11,2,AAA Medium Graphics
Monkey King: Hero Is Back,0,AAA High Graphics
Mass Effect 2 Remastered,0,AAA High Graphics
Marvel's Guardians of the Galaxy,0,AAA High Graphics
Maquette,2,AAA Medium Graphics
Mafia 4,0,AAA High Graphics
Madden NFL 22,2,AAA Medium Graphics
M.E.A.T. RPG,3,Competitive/E-Sports
Underworld Ascendant,0,AAA High Graphics
Unavowed,1,Easy
Two Point Hospital: Bigfoot,2,AAA Medium Graphics
Two Point Hospital,2,AAA Medium Graphics
TT Isle of Man - Ride on the Edge,0,AAA High Graphics
Treasure Adventure World,1,Easy
Sundered,3,Competitive/E-Sports
Sudden Strike 4,2,AAA Medium Graphics
Gridiron,2,AAA Medium Graphics
Styx: Shards of Darkness,2,AAA Medium Graphics
Grand Guilds,2,AAA Medium Graphics
STRAFE,2,AAA Medium Graphics
Stories Untold,3,Competitive/E-Sports
Mambo Wave,3,Competitive/E-Sports
Mad Games Tycoon 2,3,Competitive/E-Sports
Unforeseen Incidents,3,Competitive/E-Sports
Goosebumps Dead of Night,0,AAA High Graphics
Good Company,3,Competitive/E-Sports
Gold Hunter,0,AAA High Graphics
MM Garden,0,AAA High Graphics
Metro: Exodus - The Two Colonels,0,AAA High Graphics
Metal Wolf Chaos XD,2,AAA Medium Graphics
Mistover,2,AAA Medium Graphics
Minotaur (2019),2,AAA Medium Graphics
Lost Ruins,1,Easy
Minoria,2,AAA Medium Graphics
Gods & Monsters,0,AAA High Graphics
Golden Axed: A Cancelled Prototype,0,AAA High Graphics
MO: Astray,2,AAA Medium Graphics
Metro: Exodus,0,AAA High Graphics
Lust from Beyond,0,AAA High Graphics
Lunch Lady,0,AAA High Graphics
Lost in Random,0,AAA High Graphics
Lords Of The Fallen 2,2,AAA Medium Graphics
Transference,0,AAA High Graphics
Train Valley 2,1,Easy
Trailblazers,3,Competitive/E-Sports
Tower of Time,2,AAA Medium Graphics
Total War: Warhammer 2 - The Queen and the Crone,2,AAA Medium Graphics
Total War: Warhammer 2 - Lokhir Fellheart,2,AAA Medium Graphics
Total War: Warhammer 2 - Curse of the Vampire Coast,2,AAA Medium Graphics
Total War: Warhammer 2 - Steps of Isha,2,AAA Medium Graphics
Total War: Warhammer 2 - Rise of the Tomb Kings,2,AAA Medium Graphics
Stellaris: Utopia,3,Competitive/E-Sports
Steep: Winterfest Pack,0,AAA High Graphics
Steep: Road to the Olympics,0,AAA High Graphics
Steep: Extreme Pack,0,AAA High Graphics
StarCraft Remastered,3,Competitive/E-Sports
Steel Division: Normandy 44,2,AAA Medium Graphics
SteamWorld Dig 2,3,Competitive/E-Sports
Star Wars: Battlefront 2,0,AAA High Graphics
Star Trek: Bridge Crew,0,AAA High Graphics
Star Ocean 4: The Last Hope Remaster,3,Competitive/E-Sports
Gleamlight,2,AAA Medium Graphics
Giraffe and Annika,2,AAA Medium Graphics
Ghostrunner,0,AAA High Graphics
Ghostship Chronicles,0,AAA High Graphics
Ghost Stories 2,2,AAA Medium Graphics
Men of War: Assault Squad 2 - Cold War,0,AAA High Graphics
Mazi - Remastered,2,AAA Medium Graphics
Marshmallow Madness,3,Competitive/E-Sports
Lord of Rigel,3,Competitive/E-Sports
Loop Hero,1,Easy
Long Live Caesar,3,Competitive/E-Sports
Girls' Civilization,0,AAA High Graphics
Little Nightmares 2,2,AAA Medium Graphics
Life is Strange: True Colors,0,AAA High Graphics
Life is Strange 2021,3,Competitive/E-Sports
Lemon Cake,2,AAA Medium Graphics
MechWarrior 5: Mercenaries,0,AAA High Graphics
Total War: Warhammer 2 - Alith Anar,2,AAA Medium Graphics
Total War Saga: Thrones of Britannia,2,AAA Medium Graphics
Tomb Raider Definitive Survival Trilogy,0,AAA High Graphics
Time Carnage,0,AAA High Graphics
Manifold Garden,0,AAA High Graphics
Spintires: MudRunner,2,AAA Medium Graphics
Spellforce 3,0,AAA High Graphics
South Park: The Fractured But Whole - Towelie,2,AAA Medium Graphics
Lucen,2,AAA Medium Graphics
South Park: The Fractured But Whole - Relics of Zaron,2,AAA Medium Graphics
GetMeBro!,1,Easy
Genshin Impact,0,AAA High Graphics
Genesis Alpha One Deluxe Edition,0,AAA High Graphics
Gedonia,3,Competitive/E-Sports
Make a Killing,2,AAA Medium Graphics
Thronebreaker: The Witcher Tales,2,AAA Medium Graphics
Magnia,2,AAA Medium Graphics
Madden NFL 20,2,AAA Medium Graphics
Mad Machines,2,AAA Medium Graphics
M.A.S.S. Builder,2,AAA Medium Graphics
Lumberjack Simulator,2,AAA Medium Graphics
Lost Ember,2,AAA Medium Graphics
Metro Exodus Enhanced Edition,0,AAA High Graphics
Lonely Mountains: Downhill,2,AAA Medium Graphics
Legend of Mana,3,Competitive/E-Sports
Legend of Keepers: Career of a Dungeon Manager,3,Competitive/E-Sports
Learning Factory,3,Competitive/E-Sports
Layers of Fear 3,0,AAA High Graphics
This War of Mine: Stories - The Last Broadcast (ep. 2),3,Competitive/E-Sports
Thief Simulator,2,AAA Medium Graphics
Lost Soul Aside,2,AAA Medium Graphics
League of Maidens,0,AAA High Graphics
The Walking Dead: The Telltale Series - The Final Season,1,Easy
This is the Police 2,3,Competitive/E-Sports
South Park: The Fractured But Whole,2,AAA Medium Graphics
The Universim,0,AAA High Graphics
Sonic Mania,1,Easy
The Swords of Ditto,3,Competitive/E-Sports
LEGO Builders Journey,0,AAA High Graphics
South Park: The Fractured But Whole - Danger Deck,2,AAA Medium Graphics
Soldiers of the Universe,2,AAA Medium Graphics
Sniper: Ghost Warrior 3,2,AAA Medium Graphics
Sniper Elite 4 - Target Führer,0,AAA High Graphics
Sniper Elite 4 - Deathstorm Part 3: Obliteration,0,AAA High Graphics
Gallic Wars: Battle Simulator,3,Competitive/E-Sports
Galaxy in Turmoil,2,AAA Medium Graphics
Galactic Ruler,3,Competitive/E-Sports
Gears Tactics,2,AAA Medium Graphics
Fuser,0,AAA High Graphics
Furious Drivers,2,AAA Medium Graphics
Lawn Mowing Simulator,0,AAA High Graphics
Sonic Forces,2,AAA Medium Graphics
Frostpunk: The Last Autumn,2,AAA Medium Graphics
Frostpoint VR: Proving Grounds,0,AAA High Graphics
Frog Fractions: Game of the Decade Edition,3,Competitive/E-Sports
Little Misfortune,0,AAA High Graphics
Frostpunk: On The Edge,2,AAA Medium Graphics
Little Dungeon Stories,3,Competitive/E-Sports
Little Big Workshop,3,Competitive/E-Sports
Lithium Inmate 39 Relapsed Edition,2,AAA Medium Graphics
Lightmare Castle,2,AAA Medium Graphics
Life is Strange 2 - Episode 5,2,AAA Medium Graphics
Life is Strange 2 - Episode 4,2,AAA Medium Graphics
Lab Rags,2,AAA Medium Graphics
Knockout City,0,AAA High Graphics
Knights of Honor II: Sovereign,0,AAA High Graphics
Life is Strange 2 - Episode 3,2,AAA Medium Graphics
Kitaria Fables,2,AAA Medium Graphics
Kingdom Hearts III: Re Mind,0,AAA High Graphics
"The Surge - The Good, the Bad and the Augmented",0,AAA High Graphics
Ling: A Road Alone,2,AAA Medium Graphics
The Spectrum Retreat,0,AAA High Graphics
The Quiet Man,0,AAA High Graphics
The Persistence,0,AAA High Graphics
Lake,0,AAA High Graphics
The Messenger (2018),3,Competitive/E-Sports
Sniper Elite 4 - Deathstorm Part 2: Infiltration,0,AAA High Graphics
Knight Squad 2,3,Competitive/E-Sports
The Light Keeps Us Safe,0,AAA High Graphics
Sniper Elite 4 - Deathstorm Part 1: Inception,0,AAA High Graphics
Sniper Elite 4,0,AAA High Graphics
Snake Pass,2,AAA Medium Graphics
Kingdom Hearts Melody of Memory,2,AAA Medium Graphics
Slime Rancher,3,Competitive/E-Sports
Free Company VR,0,AAA High Graphics
Fragile,3,Competitive/E-Sports
For the People,1,Easy
Football Manager 2021,3,Competitive/E-Sports
Formula Car Racing Simulator,3,Competitive/E-Sports
Football School,3,Competitive/E-Sports
Food Factory VR,0,AAA High Graphics
Follia - Dear father,0,AAA High Graphics
Left Alive,0,AAA High Graphics
Life Is Strange 2 - Episode 2,2,AAA Medium Graphics
Layers of Fear 2,0,AAA High Graphics
Layers of Fear VR,0,AAA High Graphics
Last Year,2,AAA Medium Graphics
Lavender,0,AAA High Graphics
King of Seas,2,AAA Medium Graphics
King Arthur: Knights Tale,0,AAA High Graphics
KeyWe,3,Competitive/E-Sports
Kerbal Space Program 2,0,AAA High Graphics
Kena: Bridge of Spirits,0,AAA High Graphics
Konami Anniversary Collection: Arcade Classics,3,Competitive/E-Sports
Last Days Of Tascaria,2,AAA Medium Graphics
Kritika: Reboot,3,Competitive/E-Sports
King's Bounty 2,0,AAA High Graphics
The Golf Club 2019 featuring PGA Tour,2,AAA Medium Graphics
Just Die Already,2,AAA Medium Graphics
Kaze and the Wild Masks,3,Competitive/E-Sports
The Gardens Between,3,Competitive/E-Sports
The Forest,3,Competitive/E-Sports
The Jackbox Party Pack 5,3,Competitive/E-Sports
The Escapists 2 - Dungeons and Duct Tape,2,AAA Medium Graphics
Simulacra,3,Competitive/E-Sports
Seven: The Days Long Gone,2,AAA Medium Graphics
The Elder Scrolls Online: Summerset,2,AAA Medium Graphics
The Escapists 2 - Big Top Breakout,2,AAA Medium Graphics
Shiness: The Lightning Kingdom,2,AAA Medium Graphics
The Elder Scrolls V: Skyrim VR,0,AAA High Graphics
Firefighting Simulator - The Squad,0,AAA High Graphics
Final Upgrade,2,AAA Medium Graphics
Filmmaker Tycoon,3,Competitive/E-Sports
Slay the Spire,1,Easy
Serial Cleaner,3,Competitive/E-Sports
Fishing: North Atlantic,0,AAA High Graphics
Filament,2,AAA Medium Graphics
Fireworks Mania - An Explosive Simulator,2,AAA Medium Graphics
Knights and Bikes,3,Competitive/E-Sports
Kings of Lorn: The Fall of Ebris,0,AAA High Graphics
Kingdom Wars 2: Definitive Edition,0,AAA High Graphics
Kingdom Under Fire 2,2,AAA Medium Graphics
Kingdom Hearts III,0,AAA High Graphics
Kingdom Come: Deliverance - Band of Bastards,0,AAA High Graphics
Fight Crab,3,Competitive/E-Sports
Killer Queen Black,3,Competitive/E-Sports
Just Cause 4: Los Demonios,0,AAA High Graphics
Jurassic World Evolution 2,0,AAA High Graphics
JETT: The Far Shore,3,Competitive/E-Sports
Killsquad,0,AAA High Graphics
Jumpala,1,Easy
It Takes Two,0,AAA High Graphics
The Culling 2,2,AAA Medium Graphics
The Colonists,3,Competitive/E-Sports
The Bards Tale 4: Barrows Deep,2,AAA Medium Graphics
SENRAN KAGURA ESTIVAL VERSUS,3,Competitive/E-Sports
Secret World Legends,2,AAA Medium Graphics
SCP Secret Laboratory,3,Competitive/E-Sports
The Crew 2,0,AAA High Graphics
The Council - Episode 5: Checkmate,2,AAA Medium Graphics
Ruiner,2,AAA Medium Graphics
ROKH,3,Competitive/E-Sports
Rogue Trooper Redux,3,Competitive/E-Sports
Road Redemption,1,Easy
The Council - Episode 3: Ripples,2,AAA Medium Graphics
The Council - Episode 4: Burning Bridges,2,AAA Medium Graphics
Rising Storm 2: Vietnam,3,Competitive/E-Sports
The Council - Episode 2: Hide and Seek,2,AAA Medium Graphics
Shift Happens,2,AAA Medium Graphics
The Council,2,AAA Medium Graphics
Fault,0,AAA High Graphics
Rime,2,AAA Medium Graphics
FIFA 21,2,AAA Medium Graphics
Fates of Ort,3,Competitive/E-Sports
Just Cause 4: Danger Rising,0,AAA High Graphics
Jumanji: The Video Game,3,Competitive/E-Sports
Jurassic World Evolution: Claire's Sanctuary,0,AAA High Graphics
Jupiter Hell,3,Competitive/E-Sports
Jump Force,0,AAA High Graphics
Iron Conflict,2,AAA Medium Graphics
Farm Manager 2020,0,AAA High Graphics
Fifos Night,0,AAA High Graphics
Just Cause 4: Dare Devils of Destruction,0,AAA High Graphics
Insurmountable,0,AAA High Graphics
Instruments of Destruction,3,Competitive/E-Sports
Journey of Greed,3,Competitive/E-Sports
Inspector Waffles,3,Competitive/E-Sports
Inscryption,2,AAA Medium Graphics
Fast & Furious Crossroads,0,AAA High Graphics
Industries of Titan,2,AAA Medium Graphics
Indiana Jones 2021,0,AAA High Graphics
The Banner Saga 3,1,Easy
The Awesome Adventures of Captain Spirit,2,AAA Medium Graphics
Tetris Effect,0,AAA High Graphics
Symmetry,3,Competitive/E-Sports
Sword Art Online: Lost Song,2,AAA Medium Graphics
Rez Infinite,0,AAA High Graphics
Resident Evil 7,2,AAA Medium Graphics
Regalia: Of Men and Monarchs,3,Competitive/E-Sports
Redeemer,0,AAA High Graphics
Ravenfield,2,AAA Medium Graphics
Raiders of the Broken Planet,0,AAA High Graphics
RAID: World War II,2,AAA Medium Graphics
Ra2,1,Easy
Into the Pit,0,AAA High Graphics
Fantasy of Expedition,3,Competitive/E-Sports
Family Man,2,AAA Medium Graphics
Fallen Angel,3,Competitive/E-Sports
Fairy Tail,2,AAA Medium Graphics
Tales of the Neon Sea,3,Competitive/E-Sports
Sword Art Online: Fatal Bullet,2,AAA Medium Graphics
Quake Champions,0,AAA High Graphics
Fall Guys: Ultimate Knockout,2,AAA Medium Graphics
Fae Tactics,3,Competitive/E-Sports
Exit Limbo: Opening,2,AAA Medium Graphics
Evil Democracy: 1932,3,Competitive/E-Sports
F1 2020,0,AAA High Graphics
John Wick Hex,3,Competitive/E-Sports
ExoCorps,0,AAA High Graphics
Jenny LeClue: Detectivu,1,Easy
Islanders,2,AAA Medium Graphics
Is It Wrong to Try to Pick Up Girls in a Dungeon? Infinite Combate,0,AAA High Graphics
Iron Blood VR,0,AAA High Graphics
Iratus: Lord of the Dead,2,AAA Medium Graphics
Ion Fury,3,Competitive/E-Sports
Invasion 2037,2,AAA Medium Graphics
In Sound Mind,0,AAA High Graphics
Impostor Factory,1,Easy
Idol Manager,3,Competitive/E-Sports
I Expect You To Die 2,0,AAA High Graphics
Surviving Mars,0,AAA High Graphics
SURV1V3,0,AAA High Graphics
Superfighters Deluxe,3,Competitive/E-Sports
Super Robot Wars X,2,AAA Medium Graphics
Pyre,3,Competitive/E-Sports
Project CARS 2,0,AAA High Graphics
Prey (2017),0,AAA High Graphics
Portal Knights,2,AAA Medium Graphics
Evergate,3,Competitive/E-Sports
PlayerUnknowns Battlegrounds,0,AAA High Graphics
Europa Universalis IV: Emperor,3,Competitive/E-Sports
Ether Loop,3,Competitive/E-Sports
Eternal Radiance,3,Competitive/E-Sports
Icarus,0,AAA High Graphics
Eternal Hope,2,AAA Medium Graphics
Interstellar Space: Genesis,2,AAA Medium Graphics
Interstellar Prime,0,AAA High Graphics
Internet Cafe Simulator,3,Competitive/E-Sports
Infinity: Battlescape,0,AAA High Graphics
Inferna,3,Competitive/E-Sports
Infected Shelter,3,Competitive/E-Sports
Pro Cycling Manager 2017,3,Competitive/E-Sports
Indivisible,1,Easy
Imperator: Rome,2,AAA Medium Graphics
HuniePop 2: Double Date,1,Easy
Hundred Days - Winemaking Simulator,3,Competitive/E-Sports
Humankind,0,AAA High Graphics
HROT,3,Competitive/E-Sports
Hot Wheels Unleashed,0,AAA High Graphics
Horror Royale,2,AAA Medium Graphics
Hood: Outlaws and Legends,0,AAA High Graphics
Honey I Joined a Cult,2,AAA Medium Graphics
Super Mega Baseball 2,3,Competitive/E-Sports
Super Bomberman-R,3,Competitive/E-Sports
Super Bomberman R Online,3,Competitive/E-Sports
Subnautica,3,Competitive/E-Sports
Street Fighter V: Arcade Edition,2,AAA Medium Graphics
Street Fighter 30th Anniversary Collection,3,Competitive/E-Sports
Planet Nomads,2,AAA Medium Graphics
Planet Coaster - The Munsters Munster Koach,0,AAA High Graphics
Planet Coaster - Spooky Pack,0,AAA High Graphics
Planet Coaster - Knight Rider K.I.T.T. Construction Kit,0,AAA High Graphics
Planet Coaster - Back to the Future Time Machine,0,AAA High Graphics
Planet Coaster - Adventure Pack,0,AAA High Graphics
Pit People,3,Competitive/E-Sports
Endless Zone,0,AAA High Graphics
Endless Memories,3,Competitive/E-Sports
Emu War!,2,AAA Medium Graphics
Ice Age Scrat's Nutty Adventure,2,AAA Medium Graphics
"I Love You, Colonel Sanders!",1,Easy
Hot Lava,3,Competitive/E-Sports
Hookbots,2,AAA Medium Graphics
Home Sweet Home EP2,2,AAA Medium Graphics
Home Behind 2,3,Competitive/E-Sports
Hokko Life,2,AAA Medium Graphics
Hobo: Tough Life,2,AAA Medium Graphics
Hitman 3,0,AAA High Graphics
Heroes of the Three Kingdoms 8,0,AAA High Graphics
Hero by Chance,3,Competitive/E-Sports
Henry Mosse and the Wormhole Conspiracy,3,Competitive/E-Sports
Hellish Quart,0,AAA High Graphics
Strange Brigade,0,AAA High Graphics
Stellaris: MegaCorp,3,Competitive/E-Sports
Stellaris: Apocalypse,3,Competitive/E-Sports
Steep: X-Games,0,AAA High Graphics
Steep: 90's,0,AAA High Graphics
Steel Rats,3,Competitive/E-Sports
Steel Division: Normandy 44 - Back to Hell,2,AAA Medium Graphics
Staxel,2,AAA Medium Graphics
Pavlov VR,0,AAA High Graphics
Oxygen Not Included,3,Competitive/E-Sports
Overgrowth,3,Competitive/E-Sports
Outlast 2,2,AAA Medium Graphics
Outcast: Second Contact,3,Competitive/E-Sports
Embr,0,AAA High Graphics
Electro Ride: The Neon Racing,0,AAA High Graphics
Elden: Path of the Forgotten,3,Competitive/E-Sports
Out of the Park Baseball 18,3,Competitive/E-Sports
Empires in Ruins,2,AAA Medium Graphics
El Hijo - A Wild West Tale,3,Competitive/E-Sports
P.A.M.E.L.A.,0,AAA High Graphics
Effie,2,AAA Medium Graphics
Edge Of Dawn,0,AAA High Graphics
Hide Or Die,0,AAA High Graphics
Hot Brass,3,Competitive/E-Sports
HERO: Flood Rescue,0,AAA High Graphics
Hero's Story,0,AAA High Graphics
eFootball PES 2021,2,AAA Medium Graphics
Hellsplit: Arena,0,AAA High Graphics
Hello Neighbor: Hide and Seek,0,AAA High Graphics
Hell Let Loose,0,AAA High Graphics
Hearts of Iron IV: Man the Guns,3,Competitive/E-Sports
Hell Architect: Prologue,3,Competitive/E-Sports
Hell Architect,3,Competitive/E-Sports
Empire of Sin,3,Competitive/E-Sports
Holoception,2,AAA Medium Graphics
Heal Hitler,3,Competitive/E-Sports
Halo Infinite Multiplayer,0,AAA High Graphics
Halo Infinite,0,AAA High Graphics
Hadean Tactics,3,Competitive/E-Sports
State Of Decay 2,2,AAA Medium Graphics
Starlink: Battle for Atlas,0,AAA High Graphics
StarDrone VR,0,AAA High Graphics
Spyro Reignited Trilogy,2,AAA Medium Graphics
Spintires: MudRunner - The Valley,2,AAA Medium Graphics
Spintires: MudRunner - The Ridge,2,AAA Medium Graphics
Oriental Empires,3,Competitive/E-Sports
One Piece: Unlimited World Red - Deluxe Edition,2,AAA Medium Graphics
Okami HD,2,AAA Medium Graphics
Ogre,3,Competitive/E-Sports
Ode,0,AAA High Graphics
Observer_,2,AAA Medium Graphics
State of Mind,2,AAA Medium Graphics
Nioh: Complete Edition,0,AAA High Graphics
Nioh,0,AAA High Graphics
Opus Magnum,3,Competitive/E-Sports
Dysmantle,3,Competitive/E-Sports
Dwarrows,0,AAA High Graphics
Star Control: Origins,2,AAA Medium Graphics
DwarfHeim,2,AAA Medium Graphics
Hand Simulator: Survival,2,AAA Medium Graphics
Hammy,3,Competitive/E-Sports
GTFO,0,AAA High Graphics
Grim Dawn: Forgotten Gods,3,Competitive/E-Sports
GRID,0,AAA High Graphics
Greetings From Krampus,0,AAA High Graphics
GUILTY GEAR -STRIVE-,2,AAA Medium Graphics
Griftlands,3,Competitive/E-Sports
Gunslingers and Zombies,0,AAA High Graphics
Greak: Memories of Azur,3,Competitive/E-Sports
Goose Goose Duck,3,Competitive/E-Sports
Goodbye Volcano High,3,Competitive/E-Sports
Going Medieval,2,AAA Medium Graphics
Gods Will Fall,2,AAA Medium Graphics
Grand Theft Auto: The Trilogy - Definitive Edition,0,AAA High Graphics
"Good Night, Knight",3,Competitive/E-Sports
Spintires: MudRunner - Old-timers,2,AAA Medium Graphics
Spintires: MudRunner - American Wilds,2,AAA Medium Graphics
Space Hulk: Tactics,2,AAA Medium Graphics
Space Hulk: Deathwing - Enhanced Edition,0,AAA High Graphics
South Park: The Fractured But Whole - Casa Bonita,2,AAA Medium Graphics
South Park: The Fractured But Whole - Bring The Crunch,2,AAA Medium Graphics
SoulCalibur VI,0,AAA High Graphics
Night in the Woods,1,Easy
Headspun,3,Competitive/E-Sports
NieR: Automata,2,AAA Medium Graphics
Nidhogg 2,1,Easy
Next Day: Survival,3,Competitive/E-Sports
Need For Speed Payback,0,AAA High Graphics
Drying Paint Simulator VR,2,AAA Medium Graphics
Drug Dealer Simulator,2,AAA Medium Graphics
Drone Swarm,2,AAA Medium Graphics
Green Hell,2,AAA Medium Graphics
GreedFall,0,AAA High Graphics
GORN,0,AAA High Graphics
Gloomwood,3,Competitive/E-Sports
Ghosts n Goblins Resurrection,0,AAA High Graphics
Ghost Recon Frontline,0,AAA High Graphics
Genesis Noir,3,Competitive/E-Sports
Geneforge 1 - Mutagen,3,Competitive/E-Sports
Gas Station Simulator,2,AAA Medium Graphics
Garbage: Hobo Prophecy,3,Competitive/E-Sports
Slap City,3,Competitive/E-Sports
Skater XL,3,Competitive/E-Sports
Gal Gun Returns,0,AAA High Graphics
Sins of a Solar Empire: Rebellion - Minor Factions,3,Competitive/E-Sports
SOS,0,AAA High Graphics
Smoke and Sacrifice,3,Competitive/E-Sports
Shining Resonance Refrain,2,AAA Medium Graphics
Shenmue I and II HD Remaster,3,Competitive/E-Sports
Shadow of the Tomb Raider Definitive Edition,0,AAA High Graphics
Shadow of the Tomb Raider,0,AAA High Graphics
Seeking Dawn,0,AAA High Graphics
Secret of Mana,3,Competitive/E-Sports
Gas Station Simulator: Prologue - Early Days,0,AAA High Graphics
NBA 2K18,2,AAA Medium Graphics
Nascar Heat 2,0,AAA High Graphics
Naruto: Ultimate Ninja STORM HD,3,Competitive/E-Sports
Naruto Shippuden: Ultimate Ninja STORM 2 HD,3,Competitive/E-Sports
MudRunner 2,3,Competitive/E-Sports
MotoGP 17,0,AAA High Graphics
MOBIUS FINAL FANTASY,3,Competitive/E-Sports
Mirage: Arcane Warfare,0,AAA High Graphics
Minotaur,1,Easy
Drive 4 Survival,2,AAA Medium Graphics
Drift21,0,AAA High Graphics
Dreamscaper,2,AAA Medium Graphics
Dreadlands,3,Competitive/E-Sports
Dread Nautical,2,AAA Medium Graphics
Drawkanoid,2,AAA Medium Graphics
Drake Hollow,2,AAA Medium Graphics
Dragon Marked For Death,1,Easy
Gods Trigger,3,Competitive/E-Sports
Godhood,3,Competitive/E-Sports
God Eater 3,0,AAA High Graphics
Goat of Duty,2,AAA Medium Graphics
Gloomhaven,3,Competitive/E-Sports
Gibbous : A Cthulhu Adventure,2,AAA Medium Graphics
Ghoul Britannia: Land of Hope and Gorey,3,Competitive/E-Sports
Ghost Recon Breakpoint,0,AAA High Graphics
Furious Seas,0,AAA High Graphics
FrostFall,0,AAA High Graphics
Forza Motorsport 8,0,AAA High Graphics
Forza Horizon 5,0,AAA High Graphics
Forgotten Fields,3,Competitive/E-Sports
Foregone,2,AAA Medium Graphics
Food Truck Simulator,2,AAA Medium Graphics
Fleeting Iris,1,Easy
Five Nights at Freddy's: Security Breach,0,AAA High Graphics
Ghostbusters: The Video Game Remastered,2,AAA Medium Graphics
FIST: Forged In Shadow Torch,0,AAA High Graphics
Sea of Thieves,2,AAA Medium Graphics
SCUM,2,AAA Medium Graphics
Runes: The Forgotten Path,0,AAA High Graphics
RPG Merchant,0,AAA High Graphics
RollerCoaster Tycoon Adventures,2,AAA Medium Graphics
Rise of Industry,2,AAA Medium Graphics
Ring of Elysium,2,AAA Medium Graphics
Ride 3,2,AAA Medium Graphics
Return of the Obra Dinn,3,Competitive/E-Sports
Minecraft: Story Mode - Season Two,3,Competitive/E-Sports
Middle-earth: Shadow of War,0,AAA High Graphics
Micro Machines World Series,0,AAA High Graphics
Mega Man Legacy Collection 2,2,AAA Medium Graphics
Medieval Kingdom Wars,3,Competitive/E-Sports
Mass Effect Andromeda,0,AAA High Graphics
Marvel v Capcom: Infinite,2,AAA Medium Graphics
Dragon Ball Z Kakarot,2,AAA Medium Graphics
DRAG,2,AAA Medium Graphics
Door Kickers 2: Task Force North,3,Competitive/E-Sports
Doom Eternal: The Ancient Gods - Part One,0,AAA High Graphics
Doom Eternal,0,AAA High Graphics
DOOM 64,0,AAA High Graphics
Fisti-Fluffs,0,AAA High Graphics
Genesis Alpha One,0,AAA High Graphics
Gene Rain: Wind Tower - Way to Heaven,0,AAA High Graphics
Gene Rain: Wind Tower - Sky City's Rebirth,0,AAA High Graphics
Gene Rain: Wind Tower,0,AAA High Graphics
Dont Be Afraid,3,Competitive/E-Sports
Dominance,0,AAA High Graphics
Gears 5,2,AAA Medium Graphics
First Feudal,3,Competitive/E-Sports
First Class Trouble,2,AAA Medium Graphics
Final Fantasy VII Remake,0,AAA High Graphics
Resonance of Fate 4K HD Edition,3,Competitive/E-Sports
Fire Opal,1,Easy
Red Dead Redemption 2,0,AAA High Graphics
Realm Royale,3,Competitive/E-Sports
Final Fantasy XVI,0,AAA High Graphics
Gensou Skydrift,2,AAA Medium Graphics
Railway Empire,2,AAA Medium Graphics
Generation Zero (2019),0,AAA High Graphics
Regions of Ruin,3,Competitive/E-Sports
Red Matter,0,AAA High Graphics
Raft,3,Competitive/E-Sports
Q.U.B.E. 2,0,AAA High Graphics
Mages of Mystralia,2,AAA Medium Graphics
Mafia III - Stones Unturned,2,AAA Medium Graphics
Radical Heights,0,AAA High Graphics
Disaster Report 4: Summer Memories,0,AAA High Graphics
Disc Room,3,Competitive/E-Sports
Garrys Mod VR,0,AAA High Graphics
Garfield Kart - Furious Racing,3,Competitive/E-Sports
Dirt 5,0,AAA High Graphics
Game of Thrones Winter is Coming,3,Competitive/E-Sports
Galactic Civilizations III: Villains of Star Control,3,Competitive/E-Sports
G2 Fighter,2,AAA Medium Graphics
FIFA 22,2,AAA Medium Graphics
Frostpunk: The Rifts,2,AAA Medium Graphics
Final Fantasy Origin,0,AAA High Graphics
Fights in Tight Spaces,3,Competitive/E-Sports
Field of Glory II: Medieval,3,Competitive/E-Sports
Fears to Fathom - Home Alone,0,AAA High Graphics
Disintegration,0,AAA High Graphics
Puyo Puyo Tetris,3,Competitive/E-Sports
Pure Farming 2018,0,AAA High Graphics
Project Hospital,3,Competitive/E-Sports
Project AURA,3,Competitive/E-Sports
Pro Evolution Soccer 2019,2,AAA Medium Graphics
Mafia III - Sign of the Times,2,AAA Medium Graphics
Mafia III - Faster Baby,2,AAA Medium Graphics
Lost in the Ocean VR,2,AAA Medium Graphics
Little Nightmares - The Hideaway,2,AAA Medium Graphics
Little Nightmares - The Depths,2,AAA Medium Graphics
Little Nightmares,2,AAA Medium Graphics
Dieselpunk Wars,0,AAA High Graphics
Devolverland Expo,2,AAA Medium Graphics
Destroy All Humans! Remake,0,AAA High Graphics
Destiny 2 - Beyond Light,0,AAA High Graphics
Desperados 3,2,AAA Medium Graphics
Deskmate Girl,3,Competitive/E-Sports
Demons Souls Remaster,0,AAA High Graphics
Demonheart: Hunters,3,Competitive/E-Sports
Democracy 4,3,Competitive/E-Sports
Frontline Zed,2,AAA Medium Graphics
Freud Gate,0,AAA High Graphics
Franchise Hockey Manager 6,3,Competitive/E-Sports
Forza Street,3,Competitive/E-Sports
Forza Horizon 4: Lego Speed Champions,2,AAA Medium Graphics
Fortnite: Chapter 2,2,AAA Medium Graphics
Football Manager 2020,3,Competitive/E-Sports
Farming Simulator 22,0,AAA High Graphics
Farming Life,0,AAA High Graphics
Farm Manager 2021,0,AAA High Graphics
Fantasy Mahjong connect,3,Competitive/E-Sports
Fable 4,0,AAA High Graphics
Farm Manager 2021: Prologue,0,AAA High Graphics
Far Cry 6,0,AAA High Graphics
False Myth,3,Competitive/E-Sports
Prey - Mooncrash,0,AAA High Graphics
Foundation,2,AAA Medium Graphics
Post Scriptum,0,AAA High Graphics
Life is Strange: Before the Storm Episode 2,3,Competitive/E-Sports
Planet of the Apes: Last Frontier,3,Competitive/E-Sports
Life is Strange: Before the Storm Episode 3,3,Competitive/E-Sports
Life is Strange: Before the Storm,3,Competitive/E-Sports
Farm&Fix 2020,2,AAA Medium Graphics
Death and Taxes,3,Competitive/E-Sports
Life Is Feudal: Forest Village,2,AAA Medium Graphics
Lego: Marvel Super Heroes 2,2,AAA Medium Graphics
Flotsam,2,AAA Medium Graphics
Five Nights At Freddy's VR: Help Wanted,0,AAA High Graphics
Death Carnival,2,AAA Medium Graphics
Fishery,1,Easy
Final Fantasy XIV: Shadowbringers,2,AAA Medium Graphics
F1 2021,0,AAA High Graphics
Explorer of Yggdrasil,3,Competitive/E-Sports
Evil Genius 2: World Domination,0,AAA High Graphics
Everwild,0,AAA High Graphics
EVERSPACE 2,2,AAA Medium Graphics
Everhood,1,Easy
Planet Coaster - World's Fair Pack,0,AAA High Graphics
Planet Coaster - Vintage Pack,0,AAA High Graphics
Planet Coaster - Studios Pack,0,AAA High Graphics
Planet Coaster - Magnificent Rides Collection,0,AAA High Graphics
Planet Alpha,2,AAA Medium Graphics
Pizza Connection 3,0,AAA High Graphics
Lego Worlds,3,Competitive/E-Sports
L.A. Noire: The VR Case Files,0,AAA High Graphics
Kritika Online,3,Competitive/E-Sports
EZ2ON REBOOT : R,3,Competitive/E-Sports
Last Day of June,2,AAA Medium Graphics
Dealers Life 2,1,Easy
PixelJunk Monsters 2,3,Competitive/E-Sports
Evo\Wave,2,AAA Medium Graphics
LawBreakers,0,AAA High Graphics
Deadliest Catch: The Game,0,AAA High Graphics
Dead GroundZ,0,AAA High Graphics
Darwin Project,0,AAA High Graphics
Dead Motherland: Zombie Co-op,0,AAA High Graphics
Deadside,0,AAA High Graphics
DCL - The Game,0,AAA High Graphics
Darksburg,2,AAA Medium Graphics
Final Fantasy VIII Remastered,2,AAA Medium Graphics
Final Assault,0,AAA High Graphics
Field of Glory: Empires,1,Easy
FIA European Truck Racing Championship,2,AAA Medium Graphics
Felix The Reaper,3,Competitive/E-Sports
Euro Truck Simulator 2 - Iberia,3,Competitive/E-Sports
Essays on Empathy,3,Competitive/E-Sports
Farming Simulator 19 - Platinum Edition,3,Competitive/E-Sports
Europa Universalis IV: Leviathan,2,AAA Medium Graphics
Erzurum,0,AAA High Graphics
Era Of Newborns,2,AAA Medium Graphics
Final Archer VR,0,AAA High Graphics
Endless Legend - Monstrous Tales,2,AAA Medium Graphics
FIFA 20,2,AAA Medium Graphics
Pillars of Eternity 2: Deadfire - Seeker Slayer Survivor,2,AAA Medium Graphics
Feral Blue,0,AAA High Graphics
PixARK,2,AAA Medium Graphics
Enderal: Forgotten Stories (Special Edition),0,AAA High Graphics
Pathfinder: Kingmaker - Bloody Mess,2,AAA Medium Graphics
Pillars of Eternity 2: Deadfire,2,AAA Medium Graphics
Kingdoms and Castles,2,AAA Medium Graphics
Phantom Doctrine,2,AAA Medium Graphics
Kingdom Hearts HD 2.8 Final Chapter Prologue,0,AAA High Graphics
Pillars of Eternity 2: Deadfire - The Forgotten Sanctum,2,AAA Medium Graphics
Pathfinder: Kingmaker,2,AAA Medium Graphics
Immortal Redneck,2,AAA Medium Graphics
Hunting Simulator,2,AAA Medium Graphics
Immortal Planet,1,Easy
Karnage Chronicles,0,AAA High Graphics
Injustice 2,2,AAA Medium Graphics
Paw Patrol: On A Roll,3,Competitive/E-Sports
Danger Scavenger,0,AAA High Graphics
Dark Deception: Monsters And Mortals,2,AAA Medium Graphics
Dark Nights with Poe and Munro,2,AAA Medium Graphics
Pillars of Eternity 2: Deadfire - Beast of Winter,2,AAA Medium Graphics
Pathfinder: Kingmaker - The Wildcards,2,AAA Medium Graphics
Curious Expedition 2,3,Competitive/E-Sports
Cyberpunk 2077,0,AAA High Graphics
Fantasy Blacksmith,3,Competitive/E-Sports
Curse of the Dead Gods,2,AAA Medium Graphics
Fallback,0,AAA High Graphics
F1 2019,0,AAA High Graphics
Failspace,0,AAA High Graphics
Everreach: Project Eden,2,AAA Medium Graphics
Fantasy General II,2,AAA Medium Graphics
Ender Lilies: Quietus Of The Knights,3,Competitive/E-Sports
Exorcise The Demons,2,AAA Medium Graphics
Cyber Ops,2,AAA Medium Graphics
Factory Town,3,Competitive/E-Sports
Fade to Silence,0,AAA High Graphics
Cube Escape Collection,3,Competitive/E-Sports
Far Cry: New Dawn,0,AAA High Graphics
Encodya,3,Competitive/E-Sports
Elteria Adventures,3,Competitive/E-Sports
End State,0,AAA High Graphics
Emily is Away 3,1,Easy
ElectriX: Electro Mechanic Simulator,2,AAA Medium Graphics
Elite Dangerous: Odyssey,0,AAA High Graphics
Element TD 2 - Multiplayer Tower Defense,3,Competitive/E-Sports
eFootball,0,AAA High Graphics
Past Cure,3,Competitive/E-Sports
Overload,3,Competitive/E-Sports
Overkills The Walking Dead,0,AAA High Graphics
Overcooked 2,3,Competitive/E-Sports
Out of the Park Baseball 19,3,Competitive/E-Sports
Onrush,0,AAA High Graphics
Horizon: Zero Dawn,0,AAA High Graphics
Homefront: The Revolution - Beyond the Walls,2,AAA Medium Graphics
Home Sweet Home,2,AAA Medium Graphics
Holdfast: Nations at War,2,AAA Medium Graphics
Hidden Folks,1,Easy
Hollow Knight,3,Competitive/E-Sports
Heroes Evolved,3,Competitive/E-Sports
Hob,2,AAA Medium Graphics
Hello Neighbor,0,AAA High Graphics
Crumble,3,Competitive/E-Sports
Emergency Call 112 - The Fire Fighting Simulation 2,0,AAA High Graphics
Party Hard 2,3,Competitive/E-Sports
Crucible,2,AAA Medium Graphics
Crisis VRigade 2,2,AAA Medium Graphics
Crown Trick,3,Competitive/E-Sports
Creeper World 4,3,Competitive/E-Sports
Euro Truck Simulator 2 - Road to the Black Sea,2,AAA Medium Graphics
Espire 1: VR Operative,0,AAA High Graphics
Eonia,3,Competitive/E-Sports
Endless Legend - Symbiosis,2,AAA Medium Graphics
Elite Escape,0,AAA High Graphics
Etherborn,2,AAA Medium Graphics
Elf Manor,2,AAA Medium Graphics
Encased: A Sci-Fi Post-Apocalyptic RPG,2,AAA Medium Graphics
eFootball PES 2020,2,AAA Medium Graphics
Ecosystem,2,AAA Medium Graphics
Critical Gravity,0,AAA High Graphics
Eastshade,2,AAA Medium Graphics
Earth Defense Force: Iron Rain,2,AAA Medium Graphics
Eastward,3,Competitive/E-Sports
Eastern Exorcist,2,AAA Medium Graphics
Earth Analog,2,AAA Medium Graphics
Dyson Sphere Program,0,AAA High Graphics
Dungeons and Dragons: Dark Alliance,0,AAA High Graphics
Dual Universe,1,Easy
Dropshipping Simulator,3,Competitive/E-Sports
Octopath Traveler,2,AAA Medium Graphics
Octogeddon,3,Competitive/E-Sports
Ni No Kuni II: Revenant Kingdom,0,AAA High Graphics
New Gundam Breaker,2,AAA Medium Graphics
Neverwinter Nights: Enhanced Edition,3,Competitive/E-Sports
NBA 2K19,2,AAA Medium Graphics
Nantucket,3,Competitive/E-Sports
Hellblade: Senuas Sacrifice,0,AAA High Graphics
Heat Signature,3,Competitive/E-Sports
Dungeon No Dungeon,3,Competitive/E-Sports
Hearthstone - Knights of the Frozen Throne,3,Competitive/E-Sports
Harvest Moon: Light of Hope,3,Competitive/E-Sports
Hand Simulator,2,AAA Medium Graphics
Northgard,3,Competitive/E-Sports
Halo Wars: Definitive Edition,3,Competitive/E-Sports
Creaks,2,AAA Medium Graphics
Hand of Fate 2,2,AAA Medium Graphics
Crazy Simulator,3,Competitive/E-Sports
Craftopia,3,Competitive/E-Sports
Hellion,0,AAA High Graphics
Craftlands Workshoppe,3,Competitive/E-Sports
Dude Simulator 3,2,AAA Medium Graphics
Dry Drowning,2,AAA Medium Graphics
Dusk Diver,2,AAA Medium Graphics
Drive Buy: Delivery Battle!,3,Competitive/E-Sports
Dream Engines: Nomad Cities,2,AAA Medium Graphics
Dream Cycle,0,AAA High Graphics
Dread X Collection: The Hunt,3,Competitive/E-Sports
MXGP Pro,2,AAA Medium Graphics
Mutant Year Zero: Road to Eden,0,AAA High Graphics
Murderous Pursuits,0,AAA High Graphics
Mulaka,0,AAA High Graphics
MotoGP™18,0,AAA High Graphics
Gwent: The Witcher Card Game,2,AAA Medium Graphics
Guts and Glory,3,Competitive/E-Sports
Guild Wars 2: Path of Fire,3,Competitive/E-Sports
Guardians of the Galaxy - Episode 2 Under Pressure,2,AAA Medium Graphics
Guardians of the Galaxy - Episode 1 Tangled Up In Blue,2,AAA Medium Graphics
Mothergunship,2,AAA Medium Graphics
Groundhog Day: Like Father Like Son,0,AAA High Graphics
Grim Dawn: Ashes of Malmouth,3,Competitive/E-Sports
Draw Rider 2,3,Competitive/E-Sports
Dragon Star Varnir,2,AAA Medium Graphics
DRAMAtical Murder,3,Competitive/E-Sports
Dragon Quest XI S: Echoes Of An Elusive Age - Definitive Edition,2,AAA Medium Graphics
Dragon Call,2,AAA Medium Graphics
Moss,0,AAA High Graphics
Moonlighter,2,AAA Medium Graphics
Giant Cop,0,AAA High Graphics
Monster Hunter World,2,AAA Medium Graphics
Monster Energy Supercross - The Official Videogame,2,AAA Medium Graphics
Getting Over It with Bennett Foddy,3,Competitive/E-Sports
Minit,1,Easy
Milanoir,3,Competitive/E-Sports
Gold Rush: The Game,0,AAA High Graphics
Gigantic,3,Competitive/E-Sports
Get Even,0,AAA High Graphics
Commandos 2: HD Remaster,0,AAA High Graphics
Dragon Age 4,0,AAA High Graphics
Commander 85,0,AAA High Graphics
Combat Mission Shock Force 2,1,Easy
Combat Arms: The Classic,1,Easy
Company of Crime,2,AAA Medium Graphics
DownStream: VR Whitewater Kayaking,0,AAA High Graphics
DOTA Underlords,3,Competitive/E-Sports
DOTA Auto Chess,3,Competitive/E-Sports
Door2:Key,3,Competitive/E-Sports
DownWind,3,Competitive/E-Sports
Doors of Insanity,1,Easy
Dorfromantik,1,Easy
Galaxy of Pen & Paper,1,Easy
DOOM Eternal: The Ancient Gods Part 2,0,AAA High Graphics
Mesozoica,2,AAA Medium Graphics
Command & Conquer Remastered Collection,2,AAA Medium Graphics
Masters of Anima,2,AAA Medium Graphics
Metal Gear Survive,2,AAA Medium Graphics
Mega Man 11,3,Competitive/E-Sports
Gal Gun VR,0,AAA High Graphics
Full Throttle Remastered,1,Easy
Friday The 13th: The Video Game,3,Competitive/E-Sports
Cloudpunk,0,AAA High Graphics
DodgeBlock,1,Easy
Clash: Mutants Vs Pirates,2,AAA Medium Graphics
Doctor Who: The Edge Of Time,0,AAA High Graphics
XDefiant,0,AAA High Graphics
WWE 2K22,0,AAA High Graphics
Dont Cheat On Me,2,AAA Medium Graphics
Doctor Who: The Lonely Assassins,0,AAA High Graphics
Fugl,0,AAA High Graphics
DJMax Respect V,3,Competitive/E-Sports
Disney Classic Games: Aladdin and The Lion King,3,Competitive/E-Sports
Discrepant,2,AAA Medium Graphics
Disco Elysium,0,AAA High Graphics
Doki Doki Literature Club Plus!,3,Competitive/E-Sports
Code Shifter,2,AAA Medium Graphics
"Warhammer 40,000: Shootas, Blood & Teef",3,Competitive/E-Sports
Disjunction,2,AAA Medium Graphics
Dinosaur Fossil Hunter,0,AAA High Graphics
Mary Skelter: Nightmares,3,Competitive/E-Sports
Maelstrom (2018),2,AAA Medium Graphics
Madden NFL 19,2,AAA Medium Graphics
Lust for Darkness,0,AAA High Graphics
Lucius 3,0,AAA High Graphics
Franchise Hockey Manager 4,3,Competitive/E-Sports
Dolmen,2,AAA Medium Graphics
Forza Motorsport 7,2,AAA Medium Graphics
Fortnite,2,AAA Medium Graphics
Foxhole,3,Competitive/E-Sports
Formula Fusion,0,AAA High Graphics
For Honor,2,AAA Medium Graphics
Football Manager 2018,3,Competitive/E-Sports
Flight Sim World,0,AAA High Graphics
Cities: Skylines - Sunset Harbor,2,AAA Medium Graphics
Circadian City,1,Easy
Chronos: Before the Ashes,2,AAA Medium Graphics
Christmas Adventures: A Winter Nights Dream,1,Easy
Chernobyl 1986,2,AAA Medium Graphics
Vampire: The Masquerade - Bloodlines 2,0,AAA High Graphics
Dirt Rally 2.0,0,AAA High Graphics
Chicken Police,3,Competitive/E-Sports
"Warhammer 40,000: Darktide",0,AAA High Graphics
"Warhammer 40,000: Chaos Gate - Daemonhunters",0,AAA High Graphics
Voidtrain,0,AAA High Graphics
Vampire The Masquerade: Bloodhunt,0,AAA High Graphics
Direwolf,3,Competitive/E-Sports
Diablo 2 Resurrected,0,AAA High Graphics
Din's Legacy,1,Easy
Digimon Story Cyber Sleuth: Complete Edition,2,AAA Medium Graphics
Diesel Brothers: Truck Building Simulator,0,AAA High Graphics
Devour,2,AAA Medium Graphics
Devilated,0,AAA High Graphics
Devil Slayer - Raksasi,3,Competitive/E-Sports
Descent (2019),3,Competitive/E-Sports
Demon Slayer: The Hinokami Chronicles,2,AAA Medium Graphics
Lost Sphear,2,AAA Medium Graphics
Long Gone Days,3,Competitive/E-Sports
Little Nightmares - The Residence,2,AAA Medium Graphics
Life is Strange: Before the Storm Farewell,3,Competitive/E-Sports
Life Is Strange 2 - Episode 1,2,AAA Medium Graphics
Life is Feudal: MMO,0,AAA High Graphics
Lego: The Incredibles,2,AAA Medium Graphics
Dice Legacy,0,AAA High Graphics
Flatout 4: Total Insanity,0,AAA High Graphics
Fire Pro Wrestling World,3,Competitive/E-Sports
Finding Paradise,1,Easy
Final Fantasy XIV: Stormblood,2,AAA Medium Graphics
FIFA 18,2,AAA Medium Graphics
Fate/Extella: The Umbral Star,3,Competitive/E-Sports
Two Point Campus,2,AAA Medium Graphics
Total War: Warhammer 3,0,AAA High Graphics
Tiny Tina's Wonderlands,0,AAA High Graphics
Thief Simulator 2,0,AAA High Graphics
The Wayward Realms,0,AAA High Graphics
Dicey Dungeons,1,Easy
Devotion,2,AAA Medium Graphics
Devil May Cry 5 (2019),0,AAA High Graphics
Destiny 2 - Shadowkeep,0,AAA High Graphics
Demon's Tilt,0,AAA High Graphics
Deliver Us The Moon,2,AAA Medium Graphics
Degrees of Separation,2,AAA Medium Graphics
Decay of Logos,2,AAA Medium Graphics
Deepest Sword,3,Competitive/E-Sports
Deaths Door,2,AAA Medium Graphics
Deathly Stillness,0,AAA High Graphics
Deathgarden: Bloodharvest,0,AAA High Graphics
Deathloop,0,AAA High Graphics
Demeo,0,AAA High Graphics
Death Stranding: Director's Cut,0,AAA High Graphics
Deadstick - Bush Flight Simulator,0,AAA High Graphics
Deadly Premonition 2: A Blessing in Disguise,0,AAA High Graphics
Dead Island 2,0,AAA High Graphics
Lego DC Super-Villains,2,AAA Medium Graphics
Kobold: Chapter 1,0,AAA High Graphics
Kingdom Two Crowns,3,Competitive/E-Sports
Kingdom Come: Deliverance,0,AAA High Graphics
Katamari Damacy Reroll,3,Competitive/E-Sports
Just Cause 4,0,AAA High Graphics
Farmer's Dynasty,3,Competitive/E-Sports
Fallout 4 VR,0,AAA High Graphics
Fable Fortune,2,AAA Medium Graphics
F1 2017,0,AAA High Graphics
Expeditions: Viking,2,AAA Medium Graphics
Jurassic World Evolution - Secrets of Dr Wu,0,AAA High Graphics
Everything,1,Easy
Europa Universalis IV: Cradle of Civilization,1,Easy
Euro Truck Simulator 2 - Italia,3,Competitive/E-Sports
Epic Tavern,0,AAA High Graphics
Endless Space 2 - Dark Matter,2,AAA Medium Graphics
Carto,1,Easy
Carrion,3,Competitive/E-Sports
Cardpocalypse,3,Competitive/E-Sports
Cardboard Ground,3,Competitive/E-Sports
Cardaclysm,3,Competitive/E-Sports
Car Tune: Project,2,AAA Medium Graphics
Car Trader Simulator,3,Competitive/E-Sports
Captain Tsubasa: Rise of New Champions,2,AAA Medium Graphics
Cannibal Cuisine,3,Competitive/E-Sports
The Walking Dead: Saints and Sinners - Chapter 2: Retribution,0,AAA High Graphics
The Outer Worlds 2,0,AAA High Graphics
The Legend of Heroes: Trails from Zero,3,Competitive/E-Sports
The Elder Scrolls VI,0,AAA High Graphics
The Cycle: Frontier,2,AAA Medium Graphics
The Callisto Protocol,0,AAA High Graphics
Death Stranding,0,AAA High Graphics
The Dark Pictures: The Devil in Me,0,AAA High Graphics
Death Crown,3,Competitive/E-Sports
Deadly Days,1,Easy
Dead or Alive 6,0,AAA High Graphics
Dead End Job,3,Competitive/E-Sports
Dead by Daylight - Stranger Things Chapter,2,AAA Medium Graphics
Day of Dragons,2,AAA Medium Graphics
The House of the Dead Remake,0,AAA High Graphics
Dawn of Man,3,Competitive/E-Sports
Dead Age 2,0,AAA High Graphics
Days Gone,0,AAA High Graphics
Darksiders 4,0,AAA High Graphics
Daymare: 1998,2,AAA Medium Graphics
DC Outlaws,0,AAA High Graphics
Darkest Dungeon 2,3,Competitive/E-Sports
Dark Deity,3,Competitive/E-Sports
Dangerous Driving 2,0,AAA High Graphics
Dandy Ace,3,Competitive/E-Sports
The Quarry,0,AAA High Graphics
Dagon,2,AAA Medium Graphics
cyberpunkdreams,1,Easy
Cyberpunk Online,0,AAA High Graphics
Jurassic World Evolution,0,AAA High Graphics
Into the Breach,1,Easy
Insurgency: Sandstorm,0,AAA High Graphics
Jagged Alliance: Rage!,2,AAA Medium Graphics
Islands of Nyne: Battle Royale,0,AAA High Graphics
InnerSpace,2,AAA Medium Graphics
Identity (MMORPG),2,AAA Medium Graphics
Immortal Unchained,0,AAA High Graphics
Hunt: Showdown,0,AAA High Graphics
Endless Space 2,2,AAA Medium Graphics
Endless Legend - Forgotten Love,2,AAA Medium Graphics
Empathy: Path of Whispers,2,AAA Medium Graphics
ELEX,0,AAA High Graphics
Immortal Darkness: Curse of The Pale King,2,AAA Medium Graphics
Duck Season,0,AAA High Graphics
Dream Daddy: A Dad Dating Simulator,3,Competitive/E-Sports
Dragon Quest Heroes 2,2,AAA Medium Graphics
Doom VFR,0,AAA High Graphics
In Death,0,AAA High Graphics
System Shock 3,0,AAA High Graphics
SYNCED: Off-Planet,0,AAA High Graphics
Dungeons 3,3,Competitive/E-Sports
Suicide Squad: Kill the Justice League,0,AAA High Graphics
Stray,0,AAA High Graphics
DARQ,2,AAA Medium Graphics
Darksiders Genesis,0,AAA High Graphics
Dark Future: Blood Red States,0,AAA High Graphics
Stranger of Paradise: Final Fantasy Origin,0,AAA High Graphics
Cyber Emoji Tale 2099,1,Easy
Cyanide and Happiness - Freakpocalypse,0,AAA High Graphics
Crowns and Pawns: Kingdom of Deceit,3,Competitive/E-Sports
Crysis Battle Royale,0,AAA High Graphics
Crysis 2 Remastered,0,AAA High Graphics
CryoFall,3,Competitive/E-Sports
Cruelty Squad,0,AAA High Graphics
Guacamelee! 2,3,Competitive/E-Sports
Cris Tales,2,AAA Medium Graphics
House Flipper,0,AAA High Graphics
Hitman 2 (2018),0,AAA High Graphics
Cyber Shadow,1,Easy
Dauntless,0,AAA High Graphics
GRIS,3,Competitive/E-Sports
Hevn,3,Competitive/E-Sports
Hades,3,Competitive/E-Sports
H1Z1: King of the Kill,2,AAA Medium Graphics
Gray Dawn,0,AAA High Graphics
Don't Knock Twice,0,AAA High Graphics
Doki Doki Literature Club!,3,Competitive/E-Sports
Divinity: Original Sin II,2,AAA Medium Graphics
Divided We Fall,3,Competitive/E-Sports
Dishonored: Death of the Outsider,0,AAA High Graphics
Disgaea 2 PC,2,AAA Medium Graphics
Caffeine: Victoria's Legacy,3,Competitive/E-Sports
Bus Mechanic Simulator,2,AAA Medium Graphics
Bunny Park,2,AAA Medium Graphics
BulletRage,2,AAA Medium Graphics
Builders Of Egypt,2,AAA Medium Graphics
Stormrite,0,AAA High Graphics
Steelrising,0,AAA High Graphics
Star Wars: Knights of the Old Republic III,0,AAA High Graphics
Star Wars: Jedi - Fallen Order 2,0,AAA High Graphics
Soul Hackers 2,2,AAA Medium Graphics
Dangerous Driving,0,AAA High Graphics
Danger City,0,AAA High Graphics
Daemon X Machina,0,AAA High Graphics
Cuisine Royale,0,AAA High Graphics
Cubeland VR,0,AAA High Graphics
Cthulhu Saves Christmas,3,Competitive/E-Sports
CSC | Space MMO,2,AAA Medium Graphics
Crystar,2,AAA Medium Graphics
Crash Bandicoot 4: It’s About Time,0,AAA High Graphics
Cozy Grove,0,AAA High Graphics
Contraband Police: Prologue,2,AAA Medium Graphics
Conan Chop Chop,3,Competitive/E-Sports
CODE2040,0,AAA High Graphics
Graveyard Keeper,3,Competitive/E-Sports
Gravel,2,AAA Medium Graphics
Ghoststory,2,AAA Medium Graphics
Diluvion,3,Competitive/E-Sports
Deformers,3,Competitive/E-Sports
DESYNC,3,Competitive/E-Sports
Diablo III: Rise Of The Necromancer,3,Competitive/E-Sports
Dirt 4,0,AAA High Graphics
Deus Ex: Mankind Divided - A Criminal Past,0,AAA High Graphics
Destiny 2,0,AAA High Graphics
Broken Lines,2,AAA Medium Graphics
Brothers in Blood: WW2 Co-op,3,Competitive/E-Sports
Broomstick League,2,AAA Medium Graphics
Britannic: Patroness of the Mediterranean,0,AAA High Graphics
Skate 4,0,AAA High Graphics
Sniper Elite 5,0,AAA High Graphics
Crying Suns,3,Competitive/E-Sports
Crossroads Inn,3,Competitive/E-Sports
Slime Rancher 2,0,AAA High Graphics
Cricket 19 - The Official Game of the Ashes,0,AAA High Graphics
Skull and Bones,0,AAA High Graphics
Creature in the Well,2,AAA Medium Graphics
Chroma: Bloom And Blight,2,AAA Medium Graphics
Classified Stories: The Tome of Myrkah,2,AAA Medium Graphics
Chronicle of Innsmouth: Mountains of Madness,3,Competitive/E-Sports
City of Titans,3,Competitive/E-Sports
Cobra Kai: The Karate Kid Saga Continues,2,AAA Medium Graphics
Frostpunk,2,AAA Medium Graphics
Frozen Synapse 2,3,Competitive/E-Sports
Gene Rain,2,AAA Medium Graphics
Deceit,3,Competitive/E-Sports
Chivalry 2,0,AAA High Graphics
Citystate 2,0,AAA High Graphics
Deadbeat Heroes,3,Competitive/E-Sports
Dead Effect 2 VR,0,AAA High Graphics
Dead Alliance,2,AAA Medium Graphics
Days of War,0,AAA High Graphics
Friday the 13th: Killer Puzzle - Episode 7: Wasteland,1,Easy
Scorn,0,AAA High Graphics
Booth,1,Easy
Boomerang Fu,2,AAA Medium Graphics
Shadow Warrior 3,0,AAA High Graphics
Friday the 13th: Killer Puzzle - Episode 8: Future Shock,1,Easy
Saints Row (2022),0,AAA High Graphics
Roots of Pacha,3,Competitive/E-Sports
Court of Ashes,3,Competitive/E-Sports
Rollerdrome,2,AAA Medium Graphics
Counter Terrorist Agency,3,Competitive/E-Sports
Contra: Rogue Corps,2,AAA Medium Graphics
Corpse Party 2: Dead Patient,2,AAA Medium Graphics
Crackdown 3,0,AAA High Graphics
Control,0,AAA High Graphics
Chicken Invaders Universe,3,Competitive/E-Sports
Serious Sam: Siberian Mayhem,0,AAA High Graphics
Chair Simulator,3,Competitive/E-Sports
ChilloutVR,0,AAA High Graphics
Friday the 13th: Killer Puzzle - Episode 5: Last Resort,1,Easy
Sifu,0,AAA High Graphics
Century: Age of Ashes,0,AAA High Graphics
Friday the 13th: Killer Puzzle - Episode 6: Slayground,1,Easy
Friday the 13th: Killer Puzzle - Episode 4: IMASKNY,1,Easy
Castlevania Advance Collection,3,Competitive/E-Sports
Friday the 13th: Killer Puzzle - Episode 2: Lockdown,1,Easy
Friday the 13th: Killer Puzzle - Episode 12: Jurassic Jason,1,Easy
Friday the 13th: Killer Puzzle - Episode 3: Winter Kills,1,Easy
Friday the 13th: Killer Puzzle - Episode 11: Knightmare,1,Easy
Friday the 13th: Killer Puzzle - Episode 10: The Ripper,1,Easy
Darkest Dungeon: Crimson Court,1,Easy
Dawn of War 3,2,AAA Medium Graphics
Darkwood,3,Competitive/E-Sports
Dark Souls 3 - The Ringed City,2,AAA Medium Graphics
Dark Souls 3 - The Fire Fades Edition,0,AAA High Graphics
Friday the 13th: Killer Puzzle - Ep 9 Return to Crystal Lake,1,Easy
Bloodroots,2,AAA Medium Graphics
BloodRayne: Terminal Cut,1,Easy
BloodRayne 2: Terminal Cut,1,Easy
Blood Rage: Digital Edition,3,Competitive/E-Sports
Rainbow Six Extraction,0,AAA High Graphics
Project Athia,0,AAA High Graphics
Dark And Light,0,AAA High Graphics
PlayerUnknowns Battlegrounds 2,0,AAA High Graphics
Planet of Lana,0,AAA High Graphics
Path of Exile 2,3,Competitive/E-Sports
Conan Unconquered,2,AAA Medium Graphics
Combat Force,0,AAA High Graphics
Close to the Sun,0,AAA High Graphics
Civilization VI - Gathering Storm,2,AAA Medium Graphics
Cities: Skylines - Campus,2,AAA Medium Graphics
Car Wash Simulator,2,AAA Medium Graphics
Capcom Arcade Stadium,2,AAA Medium Graphics
Car Mechanic Simulator 2021,0,AAA High Graphics
Cannibal 2020,2,AAA Medium Graphics
Franchise Hockey Manager 5,3,Competitive/E-Sports
Call of Duty: Vanguard,0,AAA High Graphics
Call of Duty WW2: Vangaurd,0,AAA High Graphics
Call of Duty 2021,0,AAA High Graphics
Friday the 13th: Killer Puzzle,1,Easy
Freeman: Guerrilla Warfare,0,AAA High Graphics
Forza Horizon 4: Fortune Island,2,AAA Medium Graphics
Forza Horizon 4,2,AAA Medium Graphics
Forged Battalion,3,Competitive/E-Sports
Football Manager 2019,3,Competitive/E-Sports
Fishing: Barents Sea,2,AAA Medium Graphics
Danger Zone,0,AAA High Graphics
Cuphead,3,Competitive/E-Sports
Consortium: The Tower,0,AAA High Graphics
Conarium,2,AAA Medium Graphics
Okami 2,3,Competitive/E-Sports
Carrier Command 2,2,AAA Medium Graphics
Cartel Tycoon,0,AAA High Graphics
Multiversus,2,AAA Medium Graphics
Blind Spot VR,0,AAA High Graphics
Need for Speed 2022,0,AAA High Graphics
Monster Hunter Rise,2,AAA Medium Graphics
Children of Morta,2,AAA Medium Graphics
Chrono Ark,3,Competitive/E-Sports
Overwatch 2,2,AAA Medium Graphics
Citadel: Forged with Fire,0,AAA High Graphics
Chernobylite,0,AAA High Graphics
Bum Simulator,0,AAA High Graphics
Bus Simulator 21,0,AAA High Graphics
Buildings Have Feelings Too!,3,Competitive/E-Sports
For The King,3,Competitive/E-Sports
Crusader Kings II: Monks and Mystics,1,Easy
Broken Thorns: West Gate,1,Easy
Bro Falls: Ultimate Showdown,2,AAA Medium Graphics
Farming Simulator 20,3,Competitive/E-Sports
Buddy Simulator 1984,3,Competitive/E-Sports
Fear the Wolves,0,AAA High Graphics
Farming Simulator 19,3,Competitive/E-Sports
Cities: Skylines - Mass Transit,2,AAA Medium Graphics
Cities: Skylines - Green Cities,2,AAA Medium Graphics
Car Mechanic Simulator 2018,0,AAA High Graphics
Blackthorn Arena,0,AAA High Graphics
Black Survival: Eternal Return,2,AAA Medium Graphics
FIFA 19,2,AAA Medium Graphics
Fear Effect Sedna,2,AAA Medium Graphics
Bite the Bullet,3,Competitive/E-Sports
Children of Zodiarcs,3,Competitive/E-Sports
Madden NFL 23,2,AAA Medium Graphics
Bird Simulator,2,AAA Medium Graphics
Cold Waters,3,Competitive/E-Sports
Final Fantasy XII: The Zodiac Age,0,AAA High Graphics
Mass Effect 5,0,AAA High Graphics
Marvel’s Spider-Man Remastered,0,AAA High Graphics
Carcassonne - Tiles & Tactics,3,Competitive/E-Sports
Carrumble,2,AAA Medium Graphics
Call of Duty: Modern Warfare 2 Remastered,0,AAA High Graphics
Call of Duty: Modern Warfare,0,AAA High Graphics
Burndown,2,AAA Medium Graphics
Budget Cuts 2: Mission Insolvency,0,AAA High Graphics
Bright Memory: Infinite,0,AAA High Graphics
Bravery Network Online,3,Competitive/E-Sports
Bravely Default 2,0,AAA High Graphics
Bowlbo: The Quest For Bing Bing,2,AAA Medium Graphics
Book of Yog Idle RPG,3,Competitive/E-Sports
Farm Manager 2018,0,AAA High Graphics
Far Cry 5 - Lost On Mars,0,AAA High Graphics
Far Cry 5 - Hours of Darkness,0,AAA High Graphics
Far Cry 5 - Dead Living Zombies,0,AAA High Graphics
Far Cry 5,0,AAA High Graphics
Fallout 76,0,AAA High Graphics
FAR: Lone Sails,2,AAA Medium Graphics
Call of Duty: WWII,0,AAA High Graphics
Call of Duty: Black Ops 3 - Zombies Chronicles,2,AAA Medium Graphics
Call of Duty 4: Modern Warfare Remastered,3,Competitive/E-Sports
Bulletstorm: Full Clip Edition,3,Competitive/E-Sports
Bubsy: The Woolies Strike Back,3,Competitive/E-Sports
Boomerang X,2,AAA Medium Graphics
Bigfoot,0,AAA High Graphics
Big Farm Story,3,Competitive/E-Sports
Beyond The Wire,0,AAA High Graphics
Beyond Blue,2,AAA Medium Graphics
Best Friend Forever,3,Competitive/E-Sports
Beautiful Desolation,2,AAA Medium Graphics
Beat Blast,1,Easy
Lost Ark,2,AAA Medium Graphics
Beyond a Steel Sky,2,AAA Medium Graphics
Before We Leave,2,AAA Medium Graphics
Beat Me!,3,Competitive/E-Sports
Lord of The Rings MMO,0,AAA High Graphics
Left 4 Dead 3,3,Competitive/E-Sports
Life is Strange: Before the Storm Remastered,2,AAA Medium Graphics
Life is Strange Remastered Collection,2,AAA Medium Graphics
Life is Strange Remastered,2,AAA Medium Graphics
Lego Star Wars: The Skywalker Saga,0,AAA High Graphics
Brukel,2,AAA Medium Graphics
Britannia VR: Out of Your Mind,0,AAA High Graphics
Bright Memory,0,AAA High Graphics
Bossgard,2,AAA Medium Graphics
Borderlands Game of the Year Enhanced,3,Competitive/E-Sports
Borderlands 3 - Moxxi's Heist of the Handsome Jackpot,0,AAA High Graphics
Borderlands 3,0,AAA High Graphics
Borderlands 2 VR,0,AAA High Graphics
BloodRayne Betrayal: Fresh Bites,0,AAA High Graphics
Bloodborne Remastered,0,AAA High Graphics
Blood Bowl 3,0,AAA High Graphics
Blockchain Tycoon,1,Easy
Black Steel,0,AAA High Graphics
Black Skylands,3,Competitive/E-Sports
Black Legend,2,AAA Medium Graphics
F1 2018,0,AAA High Graphics
Extinction,0,AAA High Graphics
Euro Truck Simulator 2 - Beyond the Baltic Sea,3,Competitive/E-Sports
Edge of Eternity,0,AAA High Graphics
Eco - Global Survival Game,0,AAA High Graphics
Endless Legend - Inferno,2,AAA Medium Graphics
Dynasty Warriors 9,2,AAA Medium Graphics
Bloody Boobs,2,AAA Medium Graphics
Earthfall,0,AAA High Graphics
Earth Defense Force 5,2,AAA Medium Graphics
Brawlhalla,1,Easy
Blitzkrieg 3,3,Competitive/E-Sports
Blackwake,0,AAA High Graphics
BlackSquad,3,Competitive/E-Sports
Black Mirror,2,AAA Medium Graphics
BERSERK and the Band of the Hawk,2,AAA Medium Graphics
Bendy and the Ink Machine,0,AAA High Graphics
Bear With Me - Episode Two,1,Easy
Bastide,2,AAA Medium Graphics
Barn Finders,0,AAA High Graphics
Banners of Ruin,3,Competitive/E-Sports
Homeworld 3,3,Competitive/E-Sports
Haunted Chocolatier,1,Easy
GWENT: Rogue Mage,2,AAA Medium Graphics
GRID Legends,0,AAA High Graphics
God of War 2018,2,AAA Medium Graphics
Boneworks,0,AAA High Graphics
Boet Fighter,3,Competitive/E-Sports
BlueFear,2,AAA Medium Graphics
Bloom,2,AAA Medium Graphics
Bloodstained: Ritual of the Night,2,AAA Medium Graphics
Blood Spear,0,AAA High Graphics
High On Life,0,AAA High Graphics
Black Geyser: Couriers of Darkness,0,AAA High Graphics
Biomutant,0,AAA High Graphics
Gotham Knights,0,AAA High Graphics
Before Your Eyes,2,AAA Medium Graphics
Becastled,0,AAA High Graphics
Beast,2,AAA Medium Graphics
Dragon Quest XI: Echoes of an Elusive Age,0,AAA High Graphics
Battle Ball,3,Competitive/E-Sports
Batman: Arkham Legacy,0,AAA High Graphics
Dying Light - Bad Blood,0,AAA High Graphics
Donut County,1,Easy
Bear With Me - Episode Three,1,Easy
DRAGON BALL FighterZ,2,AAA Medium Graphics
Do Not Feed the Monkeys,1,Easy
Battlefield 2042,0,AAA High Graphics
Devil May Cry HD Collection,2,AAA Medium Graphics
Beans: The Coffee Shop Simulator,1,Easy
Battlezone Reboot,3,Competitive/E-Sports
Detroit: Become Human,0,AAA High Graphics
Battlestar Galactica Deadlock: Reinforcement Pack,2,AAA Medium Graphics
Battlestar Galactica Deadlock,2,AAA Medium Graphics
Azure Striker Gunvolt 2,3,Competitive/E-Sports
Azur Lane Crosswave,2,AAA Medium Graphics
Atomicrops,3,Competitive/E-Sports
Atom RPG Trudograd,2,AAA Medium Graphics
Automobilista 2,0,AAA High Graphics
Atlantica Global,1,Easy
Atelier Shallie: Alchemists of the Dusk Sea DX,2,AAA Medium Graphics
GhostWire: Tokyo,0,AAA High Graphics
Ghostrunner 2,0,AAA High Graphics
Frostpunk 2,0,AAA High Graphics
FIFA 23,0,AAA High Graphics
Fallout New Vegas 2,0,AAA High Graphics
F1 22,0,AAA High Graphics
Blasphemous,3,Competitive/E-Sports
Blair Witch,0,AAA High Graphics
Blacksad: Under the Skin,0,AAA High Graphics
Blackout Rugby,3,Competitive/E-Sports
Black Future '88,3,Competitive/E-Sports
Biker Garage: Mechanic Simulator,0,AAA High Graphics
Bee Simulator,0,AAA High Graphics
Balan Wonderworld,0,AAA High Graphics
Back 4 Blood,0,AAA High Graphics
Base One,0,AAA High Graphics
Bang-On Balls: Chronicles,2,AAA Medium Graphics
Atomic Heart,0,AAA High Graphics
Bacon May Die,3,Competitive/E-Sports
Atelier Sophie: The Alchemist of the Mysterious Book DX,2,AAA Medium Graphics
Descenders,2,AAA Medium Graphics
Defiance 2050,3,Competitive/E-Sports
Death's Gambit,1,Easy
Battlerite,3,Competitive/E-Sports
Destiny 2 - Forsaken,0,AAA High Graphics
Deep Rock Galactic,0,AAA High Graphics
Battlefield 1 - Turning Tides,0,AAA High Graphics
Dead Cells,3,Competitive/E-Sports
Battlefield 1 - They Shall Not Pass,0,AAA High Graphics
Battlefield 1 - In the Name of the Tsar,0,AAA High Graphics
b,0,AAA High Graphics
Battle Chasers: Nightwar,3,Competitive/E-Sports
Aztez,2,AAA Medium Graphics
Battle Brothers,1,Easy
Batman: The Enemy Within - A Telltale Game Series,2,AAA Medium Graphics
Assemble with Care,3,Competitive/E-Sports
Assassins Creed: Valhalla,0,AAA High Graphics
Evil Dead: The Game,0,AAA High Graphics
Endless Dungeon,0,AAA High Graphics
AWAY: The Survival Series,0,AAA High Graphics
Elden Ring,0,AAA High Graphics
Eiyuden Chronicle: Rising,2,AAA Medium Graphics
Eiyuden Chronicle: Hundred Heroes,2,AAA Medium Graphics
Dying Light 2,0,AAA High Graphics
Dungeons and Dragons RPG,0,AAA High Graphics
BearHammer,0,AAA High Graphics
BDSM: Big Drunk Satanic Massacre,2,AAA Medium Graphics
BattleTech: Urban Warfare,2,AAA Medium Graphics
Battlestar Galactica Deadlock: Sin and Sacrifice,2,AAA Medium Graphics
Battlestar Galactica Deadlock: Resurrection,2,AAA Medium Graphics
Atelier Ryza 2: Lost Legends And the Secret Fairy,0,AAA High Graphics
Atelier Firis: The Alchemist and the Mysterious Journey DX,0,AAA High Graphics
BattleTech: Heavy Metal,2,AAA Medium Graphics
Battlefleet Gothic: Armada 2,0,AAA High Graphics
Battle Royale Tycoon,3,Competitive/E-Sports
Dark Souls Remastered,2,AAA Medium Graphics
Assassins Creed: Valhalla - Wrath of the Druids,0,AAA High Graphics
Danger Zone 2,0,AAA High Graphics
Bayala - The Game,0,AAA High Graphics
Assassins Creed: Valhalla - The Siege of Paris,0,AAA High Graphics
Dakar 18,0,AAA High Graphics
Darksiders 3,0,AAA High Graphics
Crossing Souls,3,Competitive/E-Sports
CrossCode,1,Easy
Avorion,3,Competitive/E-Sports
Atelier Lydie & Suelle: The Alchemists and the Mysterious Paintings DX,0,AAA High Graphics
Aven Colony,0,AAA High Graphics
Atelier Sophie: The Alchemist of the Mysterious Book,2,AAA Medium Graphics
Atelier Firis: The Alchemist and the Mysterious Journey,3,Competitive/E-Sports
Ashes Cricket 2017,0,AAA High Graphics
Arma III: Tac-Ops Mission Pack,3,Competitive/E-Sports
ArmA III: Laws of War,3,Competitive/E-Sports
Ary and the Secret of Seasons,0,AAA High Graphics
Artificer: Science of Magic,3,Competitive/E-Sports
Dandara: Trials of Fear Edition,3,Competitive/E-Sports
Assassins Creed: Origins,2,AAA Medium Graphics
Arma III: Malden,3,Competitive/E-Sports
Araha: Curse of Yieun Island,2,AAA Medium Graphics
Arthurs Revenge,1,Easy
Art of Rally,0,AAA High Graphics
Disney Dreamlight Valley,2,AAA Medium Graphics
Armor of Heroes,0,AAA High Graphics
Areia: Pathway to Dawn,2,AAA Medium Graphics
Arcanium: Rise Of Akhan,1,Easy
Diablo 2 Remake,0,AAA High Graphics
Destroy All Humans! 2 - Reprobed,0,AAA High Graphics
Basement,3,Competitive/E-Sports
Destiny 3,0,AAA High Graphics
Demons Souls Remake,2,AAA Medium Graphics
Crysis 3 Remastered,0,AAA High Graphics
Battle Planet - Judgement Day,0,AAA High Graphics
Barotrauma,3,Competitive/E-Sports
Baldr Sky,3,Competitive/E-Sports
Automation Empire,2,AAA Medium Graphics
Automachef,2,AAA Medium Graphics
Baba Is You,1,Easy
Auto Chess,3,Competitive/E-Sports
Ashes of Creation,2,AAA Medium Graphics
AVICII Invector,1,Easy
Arons Adventure,0,AAA High Graphics
Arkham Horror: Mothers Embrace,2,AAA Medium Graphics
Arcadegeddon,0,AAA High Graphics
Anthology of Fear,0,AAA High Graphics
Ancient Abyss,3,Competitive/E-Sports
Ampersat,0,AAA High Graphics
Ambrosia,3,Competitive/E-Sports
Creed: Rise to Glory,0,AAA High Graphics
Crash Bandicoot: N Sane Trilogy,2,AAA Medium Graphics
Code Vein,2,AAA Medium Graphics
ARK: Aberration,2,AAA Medium Graphics
Cricket Captain 2018,1,Easy
Conan Exiles,0,AAA High Graphics
Arma III: Jets,3,Competitive/E-Sports
ARK: Survival Evolved,2,AAA Medium Graphics
ANAREA Battle Royale,0,AAA High Graphics
Argo,3,Competitive/E-Sports
Amnesia: Rebirth,2,AAA Medium Graphics
Arid,0,AAA High Graphics
Antihero,3,Competitive/E-Sports
Alwas Legacy,1,Easy
Alien Shooter 2 - The Legend,1,Easy
American Truck Simulator - New Mexico,2,AAA Medium Graphics
Aporia: Beyond The Valley,3,Competitive/E-Sports
Alders Blood: Prologue,3,Competitive/E-Sports
Crossfire X,0,AAA High Graphics
Crisis Core: Final Fantasy 7 - Reunion,0,AAA High Graphics
Contraband,0,AAA High Graphics
Call of Duty Warzone 2,0,AAA High Graphics
Audio Trip,0,AAA High Graphics
Atelier Ryza - Ever Darkness and the Secret Hideout,0,AAA High Graphics
At The Gates,3,Competitive/E-Sports
Astaria,0,AAA High Graphics
Ashland,2,AAA Medium Graphics
Assassins Creed: Odyssey - Fate of Atlantis,0,AAA High Graphics
Call of Duty: Modern Warfare 2 (2022),0,AAA High Graphics
Almighty: Kill Your Gods,0,AAA High Graphics
Aliens: Fireteam,3,Competitive/E-Sports
Alien: Blackout,0,AAA High Graphics
Assassins Creed 3: Remastered,0,AAA High Graphics
Asgard's Wrath,0,AAA High Graphics
Alaskan Truck Simulator,2,AAA Medium Graphics
Battle Cry of Freedom,0,AAA High Graphics
Asterix & Obelix XXL 3 - The Crystal Menhir,0,AAA High Graphics
Alan Wake Remastered,0,AAA High Graphics
Airport Contraband,2,AAA Medium Graphics
Clicker Heroes 2,1,Easy
Civilization VI - Rise and Fall,2,AAA Medium Graphics
Cities: Skylines - Parklife,2,AAA Medium Graphics
Cities: Skylines - Industries,2,AAA Medium Graphics
Celeste,3,Competitive/E-Sports
Call of Duty: Black Ops 4,0,AAA High Graphics
AKIBAS TRIP: Hellbound & Debriefed,2,AAA Medium Graphics
Call of Cthulhu,0,AAA High Graphics
Airstrife: Assault of the Aviators,3,Competitive/E-Sports
Bus Simulator 18,2,AAA Medium Graphics
Burnout Paradise Remastered,2,AAA Medium Graphics
Breathedge,0,AAA High Graphics
Albion Online,1,Easy
Age of Empires IV,0,AAA High Graphics
Aircar,0,AAA High Graphics
A New World: Kingdoms,3,Competitive/E-Sports
A Hat In Time,3,Competitive/E-Sports
Aliens: Fireteam Elite,0,AAA High Graphics
Accel World VS. Sword Art Online Deluxe Edition,0,AAA High Graphics
Absolver,2,AAA Medium Graphics
"999: Nine Persons, Nine Hours, Nine Doors",3,Competitive/E-Sports
Alba: A Wildlife Adventure,2,AAA Medium Graphics
Airplane Mode,0,AAA High Graphics
Air Wars,1,Easy
AGOS - A Game Of Space,0,AAA High Graphics
20XX,1,Easy
Agents: Biohunters,2,AAA Medium Graphics
AeternoBlade II: Directors Rewind,0,AAA High Graphics
Avowed,0,AAA High Graphics
Assassins Creed: Valhalla - Dawn of Ragnarok,0,AAA High Graphics
Ageless,2,AAA Medium Graphics
Agents of Mayhem,0,AAA High Graphics
Age of Empires III: Definitive Edition,0,AAA High Graphics
Arma Reforger,0,AAA High Graphics
Aperture Desk Job,0,AAA High Graphics
Arise: A Simple Story,0,AAA High Graphics
Arcade Tycoon,3,Competitive/E-Sports
A Plague Tale: Requiem,0,AAA High Graphics
Arma III Contact,3,Competitive/E-Sports
Apostle,3,Competitive/E-Sports
Apex Legends,0,AAA High Graphics
Aperture Hand Lab,0,AAA High Graphics
A Plague Tale 2,0,AAA High Graphics
Agatha Christie - Hercule Poirot: The First Cases,2,AAA Medium Graphics
After The Fall,0,AAA High Graphics
Adios,0,AAA High Graphics
Actraiser Renaissance,3,Competitive/E-Sports
Abandoned (2021),0,AAA High Graphics
Bloodstained: Curse of the Moon,3,Competitive/E-Sports
Blood Bowl: Death Zone,3,Competitive/E-Sports
Bliss Maze,3,Competitive/E-Sports
Bless,0,AAA High Graphics
BlazBlue: Cross Tag Battle,2,AAA Medium Graphics
Below,2,AAA Medium Graphics
Across the Grooves,3,Competitive/E-Sports
Accident,3,Competitive/E-Sports
APE OUT,3,Competitive/E-Sports
.hack//G.U. Last Recode,2,AAA Medium Graphics
Aokana - Four Rhythms Across the Blue,1,Easy
Age of Darkness: Final Stand,0,AAA High Graphics
Anno 1800,2,AAA Medium Graphics
Annie,2,AAA Medium Graphics
Angry Birds VR: Isle of Pigs,2,AAA Medium Graphics
Ancestors: The Humankind Odyssey,0,AAA High Graphics
Anthem,0,AAA High Graphics
American Truck Simulator - Washington,2,AAA Medium Graphics
A Juggler's Tale,2,AAA Medium Graphics
8Doors: Arums Afterlife Adventure,3,Competitive/E-Sports
83,0,AAA High Graphics
30XX,1,Easy
1666 Amsterdam,2,AAA Medium Graphics
Beholder 2,2,AAA Medium Graphics
Battlestar Galactica Deadlock: The Broken Alliance,2,AAA Medium Graphics
Battlestar Galactica Deadlock: Anabasis,2,AAA Medium Graphics
Beat Saber,0,AAA High Graphics
A Horde Too Many,0,AAA High Graphics
BattleTech: Flashpoint,2,AAA Medium Graphics
BattleTech,2,AAA Medium Graphics
A Game of Thrones: The Board Game - Digital Edition,3,Competitive/E-Sports
9 Monkeys of Shaolin,2,AAA Medium Graphics
12 Minutes,3,Competitive/E-Sports
3dSen,3,Competitive/E-Sports
3 out of 10,2,AAA Medium Graphics
1971 Project Helios,0,AAA High Graphics
American Truck Simulator - Utah,2,AAA Medium Graphics
American Fugitive,3,Competitive/E-Sports
Alchemy Garden,2,AAA Medium Graphics
Aima Wars: Steampunk And Orcs,2,AAA Medium Graphics
AI: The Somnium Files,2,AAA Medium Graphics
Agent A: A Puzzle In Disguise,3,Competitive/E-Sports
Battlerite Royale,3,Competitive/E-Sports
Avernum 3: Ruined World,1,Easy
Battalion 1944,0,AAA High Graphics
Battlefield V,0,AAA High Graphics
5D Chess With Multiverse Time Travel,1,Easy
Basingstoke,3,Competitive/E-Sports
Bad North: Jotunn Edition,3,Competitive/E-Sports
Attack on Titan 2,2,AAA Medium Graphics
ATLAS,0,AAA High Graphics
Assetto Corsa Competizione,2,AAA Medium Graphics
A Year Of Rain,0,AAA High Graphics
Ace Combat 7: Skies Unknown,2,AAA Medium Graphics
Assassins Creed: Odyssey - Legacy of the First Blade,0,AAA High Graphics
Ashen,0,AAA High Graphics
Artifact,3,Competitive/E-Sports
Assassins Creed: Odyssey,0,AAA High Graphics
Arma III Tanks,2,AAA Medium Graphics
Ad Infinitum,0,AAA High Graphics
Assassins Creed Infinity,0,AAA High Graphics
Apex Construct,0,AAA High Graphics
AO International Tennis,0,AAA High Graphics
Arma 4,0,AAA High Graphics
Avatar: Frontiers of Pandora,0,AAA High Graphics
Alan Wake 2,0,AAA High Graphics
Eternights,0,AAA High Graphics
Diablo 4,0,AAA High Graphics
Death Stranding 2,0,AAA High Graphics
Clash: Artifacts of Chaos,0,AAA High Graphics
Borderlands 4,0,AAA High Graphics
Dead Space Remake,0,AAA High Graphics
Hogwarts Legacy,0,AAA High Graphics
Final Fantasy 7 Rebirth,0,AAA High Graphics
ARK Park,0,AAA High Graphics
Grand Theft Auto VI,0,AAA High Graphics
Black Myth: Wu Kong,0,AAA High Graphics
Forspoken,0,AAA High Graphics
S.T.A.L.K.E.R. 2,0,AAA High Graphics
Star Citizen,0,AAA High Graphics
Resident Evil 4 Remake,0,AAA High Graphics
The Legend of Nayuta: Boundless Trails,3,Competitive/E-Sports
Sherlock Holmes The Awakened Remake,0,AAA High Graphics
Zoroastra,0,AAA High Graphics
The Legend of Heroes: Trails to Azure,3,Competitive/E-Sports
The Legend of Heroes: Trails into Reverie,2,AAA Medium Graphics
Street Fighter 6,2,AAA Medium Graphics
Starfield,0,AAA High Graphics
Star Wars Jedi: Survivor,0,AAA High Graphics
Redfall,0,AAA High Graphics
Just Cause 5,0,AAA High Graphics
Minecraft Legends,0,AAA High Graphics
Prey 2,0,AAA High Graphics
Meet Your Maker,0,AAA High Graphics
Batman 2025,0,AAA High Graphics
Battlefield 6,0,AAA High Graphics
